2026-03-30 03:27:44.891 [INFO] org.hibernate.validator.internal.util.Version - HV000001: Hibernate Validator 8.0.1.Final
2026-03-30 03:27:44.930 [INFO] m8jt.project1.MainApplication - Starting MainApplication using Java 17.0.14 with PID 16460 (C:\Users\jrptabucanon\Documents\workspace-spring-tools-for-eclipse\M8JTProject1\target\classes started by jrptabucanon in C:\Users\jrptabucanon\Documents\workspace-spring-tools-for-eclipse\M8JTProject1)
2026-03-30 03:27:44.932 [INFO] m8jt.project1.MainApplication - The following 1 profile is active: "dev"
2026-03-30 03:27:45.517 [INFO] org.springframework.data.repository.config.RepositoryConfigurationDelegate - Bootstrapping Spring Data JPA repositories in DEFAULT mode.
2026-03-30 03:27:45.601 [INFO] org.springframework.data.repository.config.RepositoryConfigurationDelegate - Finished Spring Data repository scanning in 74 ms. Found 3 JPA repository interfaces.
2026-03-30 03:27:46.000 [INFO] org.springframework.boot.web.embedded.tomcat.TomcatWebServer - Tomcat initialized with port 8081 (http)
2026-03-30 03:27:46.009 [INFO] org.apache.coyote.http11.Http11NioProtocol - Initializing ProtocolHandler ["http-nio-8081"]
2026-03-30 03:27:46.010 [INFO] org.apache.catalina.core.StandardService - Starting service [Tomcat]
2026-03-30 03:27:46.011 [INFO] org.apache.catalina.core.StandardEngine - Starting Servlet engine: [Apache Tomcat/10.1.20]
2026-03-30 03:27:46.070 [INFO] org.apache.catalina.core.ContainerBase.[Tomcat].[localhost].[/] - Initializing Spring embedded WebApplicationContext
2026-03-30 03:27:46.070 [INFO] org.springframework.boot.web.servlet.context.ServletWebServerApplicationContext - Root WebApplicationContext: initialization completed in 1101 ms
2026-03-30 03:27:46.091 [INFO] com.zaxxer.hikari.HikariDataSource - HikariPool-1 - Starting...
2026-03-30 03:27:46.227 [INFO] com.zaxxer.hikari.pool.HikariPool - HikariPool-1 - Added connection conn0: url=jdbc:h2:mem:librarydb user=SA
2026-03-30 03:27:46.228 [INFO] com.zaxxer.hikari.HikariDataSource - HikariPool-1 - Start completed.
2026-03-30 03:27:46.236 [INFO] org.springframework.boot.autoconfigure.h2.H2ConsoleAutoConfiguration - H2 console available at '/h2-console'. Database available at 'jdbc:h2:mem:librarydb'
2026-03-30 03:27:46.320 [INFO] org.hibernate.jpa.internal.util.LogHelper - HHH000204: Processing PersistenceUnitInfo [name: default]
2026-03-30 03:27:46.363 [INFO] org.hibernate.Version - HHH000412: Hibernate ORM core version 6.4.4.Final
2026-03-30 03:27:46.389 [INFO] org.hibernate.cache.internal.RegionFactoryInitiator - HHH000026: Second-level cache disabled
2026-03-30 03:27:46.559 [INFO] org.springframework.orm.jpa.persistenceunit.SpringPersistenceUnitInfo - No LoadTimeWeaver setup: ignoring JPA class transformer
2026-03-30 03:27:46.593 [WARN] org.hibernate.orm.deprecation - HHH90000025: H2Dialect does not need to be specified explicitly using 'hibernate.dialect' (remove the property setting and it will be selected by default)
2026-03-30 03:27:47.374 [INFO] org.hibernate.engine.transaction.jta.platform.internal.JtaPlatformInitiator - HHH000489: No JTA platform available (set 'hibernate.transaction.jta.platform' to enable JTA platform integration)
2026-03-30 03:27:47.431 [INFO] org.springframework.orm.jpa.LocalContainerEntityManagerFactoryBean - Initialized JPA EntityManagerFactory for persistence unit 'default'
2026-03-30 03:27:47.719 [WARN] org.springframework.boot.autoconfigure.orm.jpa.JpaBaseConfiguration$JpaWebConfiguration - spring.jpa.open-in-view is enabled by default. Therefore, database queries may be performed during view rendering. Explicitly configure spring.jpa.open-in-view to disable this warning
2026-03-30 03:27:47.943 [INFO] org.apache.coyote.http11.Http11NioProtocol - Starting ProtocolHandler ["http-nio-8081"]
2026-03-30 03:27:47.963 [INFO] org.springframework.boot.web.embedded.tomcat.TomcatWebServer - Tomcat started on port 8081 (http) with context path ''
2026-03-30 03:27:47.969 [INFO] m8jt.project1.MainApplication - Started MainApplication in 3.316 seconds (process running for 4.07)
2026-03-30 03:28:10.195 [INFO] org.springframework.boot.admin.SpringApplicationAdminMXBeanRegistrar$SpringApplicationAdmin - Application shutdown requested.
2026-03-30 03:28:10.197 [INFO] org.apache.coyote.http11.Http11NioProtocol - Stopping ProtocolHandler ["http-nio-8081"]
2026-03-30 03:28:10.223 [INFO] org.springframework.orm.jpa.LocalContainerEntityManagerFactoryBean - Closing JPA EntityManagerFactory for persistence unit 'default'
2026-03-30 03:28:10.225 [INFO] com.zaxxer.hikari.HikariDataSource - HikariPool-1 - Shutdown initiated...
2026-03-30 03:28:10.227 [INFO] com.zaxxer.hikari.HikariDataSource - HikariPool-1 - Shutdown completed.
2026-03-30 03:30:29.935 [INFO] org.hibernate.validator.internal.util.Version - HV000001: Hibernate Validator 8.0.1.Final
2026-03-30 03:30:29.979 [INFO] m8jt.project1.MainApplication - Starting MainApplication using Java 17.0.14 with PID 32044 (C:\Users\jrptabucanon\Documents\workspace-spring-tools-for-eclipse\M8JTProject1\target\classes started by jrptabucanon in C:\Users\jrptabucanon\Documents\workspace-spring-tools-for-eclipse\M8JTProject1)
2026-03-30 03:30:29.980 [INFO] m8jt.project1.MainApplication - The following 1 profile is active: "dev"
2026-03-30 03:30:30.558 [INFO] org.springframework.data.repository.config.RepositoryConfigurationDelegate - Bootstrapping Spring Data JPA repositories in DEFAULT mode.
2026-03-30 03:30:30.625 [INFO] org.springframework.data.repository.config.RepositoryConfigurationDelegate - Finished Spring Data repository scanning in 55 ms. Found 3 JPA repository interfaces.
2026-03-30 03:30:31.003 [INFO] org.springframework.boot.web.embedded.tomcat.TomcatWebServer - Tomcat initialized with port 8081 (http)
2026-03-30 03:30:31.011 [INFO] org.apache.coyote.http11.Http11NioProtocol - Initializing ProtocolHandler ["http-nio-8081"]
2026-03-30 03:30:31.012 [INFO] org.apache.catalina.core.StandardService - Starting service [Tomcat]
2026-03-30 03:30:31.012 [INFO] org.apache.catalina.core.StandardEngine - Starting Servlet engine: [Apache Tomcat/10.1.20]
2026-03-30 03:30:31.065 [INFO] org.apache.catalina.core.ContainerBase.[Tomcat].[localhost].[/] - Initializing Spring embedded WebApplicationContext
2026-03-30 03:30:31.065 [INFO] org.springframework.boot.web.servlet.context.ServletWebServerApplicationContext - Root WebApplicationContext: initialization completed in 1045 ms
2026-03-30 03:30:31.083 [INFO] com.zaxxer.hikari.HikariDataSource - HikariPool-1 - Starting...
2026-03-30 03:30:31.216 [INFO] com.zaxxer.hikari.pool.HikariPool - HikariPool-1 - Added connection conn0: url=jdbc:h2:mem:librarydb user=SA
2026-03-30 03:30:31.218 [INFO] com.zaxxer.hikari.HikariDataSource - HikariPool-1 - Start completed.
2026-03-30 03:30:31.226 [INFO] org.springframework.boot.autoconfigure.h2.H2ConsoleAutoConfiguration - H2 console available at '/h2-console'. Database available at 'jdbc:h2:mem:librarydb'
2026-03-30 03:30:31.309 [INFO] org.hibernate.jpa.internal.util.LogHelper - HHH000204: Processing PersistenceUnitInfo [name: default]
2026-03-30 03:30:31.352 [INFO] org.hibernate.Version - HHH000412: Hibernate ORM core version 6.4.4.Final
2026-03-30 03:30:31.378 [INFO] org.hibernate.cache.internal.RegionFactoryInitiator - HHH000026: Second-level cache disabled
2026-03-30 03:30:31.576 [INFO] org.springframework.orm.jpa.persistenceunit.SpringPersistenceUnitInfo - No LoadTimeWeaver setup: ignoring JPA class transformer
2026-03-30 03:30:31.619 [WARN] org.hibernate.orm.deprecation - HHH90000025: H2Dialect does not need to be specified explicitly using 'hibernate.dialect' (remove the property setting and it will be selected by default)
2026-03-30 03:30:32.345 [INFO] org.hibernate.engine.transaction.jta.platform.internal.JtaPlatformInitiator - HHH000489: No JTA platform available (set 'hibernate.transaction.jta.platform' to enable JTA platform integration)
2026-03-30 03:30:32.348 [INFO] org.springframework.orm.jpa.LocalContainerEntityManagerFactoryBean - Initialized JPA EntityManagerFactory for persistence unit 'default'
2026-03-30 03:30:32.640 [WARN] org.springframework.boot.autoconfigure.orm.jpa.JpaBaseConfiguration$JpaWebConfiguration - spring.jpa.open-in-view is enabled by default. Therefore, database queries may be performed during view rendering. Explicitly configure spring.jpa.open-in-view to disable this warning
2026-03-30 03:30:32.870 [INFO] org.apache.coyote.http11.Http11NioProtocol - Starting ProtocolHandler ["http-nio-8081"]
2026-03-30 03:30:32.890 [INFO] org.springframework.boot.web.embedded.tomcat.TomcatWebServer - Tomcat started on port 8081 (http) with context path ''
2026-03-30 03:30:32.896 [INFO] m8jt.project1.MainApplication - Started MainApplication in 3.235 seconds (process running for 3.967)
2026-03-30 03:31:12.173 [INFO] org.springframework.boot.admin.SpringApplicationAdminMXBeanRegistrar$SpringApplicationAdmin - Application shutdown requested.
2026-03-30 03:31:12.175 [INFO] org.apache.coyote.http11.Http11NioProtocol - Stopping ProtocolHandler ["http-nio-8081"]
2026-03-30 03:31:12.199 [INFO] org.springframework.orm.jpa.LocalContainerEntityManagerFactoryBean - Closing JPA EntityManagerFactory for persistence unit 'default'
2026-03-30 03:31:12.200 [INFO] com.zaxxer.hikari.HikariDataSource - HikariPool-1 - Shutdown initiated...
2026-03-30 03:31:12.203 [INFO] com.zaxxer.hikari.HikariDataSource - HikariPool-1 - Shutdown completed.
2026-03-30 03:39:08.430 [INFO] org.hibernate.validator.internal.util.Version - HV000001: Hibernate Validator 8.0.3.Final
2026-03-30 03:39:08.475 [INFO] m8jt.project1.MainApplication - Starting MainApplication using Java 17.0.14 with PID 10328 (C:\Users\jrptabucanon\Documents\workspace-spring-tools-for-eclipse\M8JTProject1\target\classes started by jrptabucanon in C:\Users\jrptabucanon\Documents\workspace-spring-tools-for-eclipse\M8JTProject1)
2026-03-30 03:39:08.477 [INFO] m8jt.project1.MainApplication - The following 1 profile is active: "dev"
2026-03-30 03:39:08.998 [INFO] org.springframework.data.repository.config.RepositoryConfigurationDelegate - Bootstrapping Spring Data JPA repositories in DEFAULT mode.
2026-03-30 03:39:09.054 [INFO] org.springframework.data.repository.config.RepositoryConfigurationDelegate - Finished Spring Data repository scanning in 48 ms. Found 3 JPA repository interfaces.
2026-03-30 03:39:09.361 [INFO] org.springframework.boot.web.embedded.tomcat.TomcatWebServer - Tomcat initialized with port 8081 (http)
2026-03-30 03:39:09.369 [INFO] org.apache.coyote.http11.Http11NioProtocol - Initializing ProtocolHandler ["http-nio-8081"]
2026-03-30 03:39:09.371 [INFO] org.apache.catalina.core.StandardService - Starting service [Tomcat]
2026-03-30 03:39:09.371 [INFO] org.apache.catalina.core.StandardEngine - Starting Servlet engine: [Apache Tomcat/10.1.53]
2026-03-30 03:39:09.423 [INFO] org.apache.catalina.core.ContainerBase.[Tomcat].[localhost].[/] - Initializing Spring embedded WebApplicationContext
2026-03-30 03:39:09.423 [INFO] org.springframework.boot.web.servlet.context.ServletWebServerApplicationContext - Root WebApplicationContext: initialization completed in 915 ms
2026-03-30 03:39:09.542 [INFO] org.hibernate.jpa.internal.util.LogHelper - HHH000204: Processing PersistenceUnitInfo [name: default]
2026-03-30 03:39:09.583 [INFO] org.hibernate.Version - HHH000412: Hibernate ORM core version 6.6.45.Final
2026-03-30 03:39:09.610 [INFO] org.hibernate.cache.internal.RegionFactoryInitiator - HHH000026: Second-level cache disabled
2026-03-30 03:39:09.819 [INFO] org.springframework.orm.jpa.persistenceunit.SpringPersistenceUnitInfo - No LoadTimeWeaver setup: ignoring JPA class transformer
2026-03-30 03:39:09.841 [INFO] com.zaxxer.hikari.HikariDataSource - HikariPool-1 - Starting...
2026-03-30 03:39:09.969 [INFO] com.zaxxer.hikari.pool.HikariPool - HikariPool-1 - Added connection conn0: url=jdbc:h2:mem:librarydb user=SA
2026-03-30 03:39:09.970 [INFO] com.zaxxer.hikari.HikariDataSource - HikariPool-1 - Start completed.
2026-03-30 03:39:09.990 [WARN] org.hibernate.orm.deprecation - HHH90000025: H2Dialect does not need to be specified explicitly using 'hibernate.dialect' (remove the property setting and it will be selected by default)
2026-03-30 03:39:10.006 [INFO] org.hibernate.orm.connections.pooling - HHH10001005: Database info:
	Database JDBC URL [Connecting through datasource 'HikariDataSource (HikariPool-1)']
	Database driver: undefined/unknown
	Database version: 2.3.232
	Autocommit mode: undefined/unknown
	Isolation level: undefined/unknown
	Minimum pool size: undefined/unknown
	Maximum pool size: undefined/unknown
2026-03-30 03:39:10.658 [INFO] org.hibernate.engine.transaction.jta.platform.internal.JtaPlatformInitiator - HHH000489: No JTA platform available (set 'hibernate.transaction.jta.platform' to enable JTA platform integration)
2026-03-30 03:39:10.661 [INFO] org.springframework.orm.jpa.LocalContainerEntityManagerFactoryBean - Initialized JPA EntityManagerFactory for persistence unit 'default'
2026-03-30 03:39:10.985 [WARN] org.springframework.boot.autoconfigure.orm.jpa.JpaBaseConfiguration$JpaWebConfiguration - spring.jpa.open-in-view is enabled by default. Therefore, database queries may be performed during view rendering. Explicitly configure spring.jpa.open-in-view to disable this warning
2026-03-30 03:39:11.193 [INFO] org.springframework.boot.autoconfigure.h2.H2ConsoleAutoConfiguration - H2 console available at '/h2-console'. Database available at 'jdbc:h2:mem:librarydb'
2026-03-30 03:39:11.241 [INFO] org.apache.coyote.http11.Http11NioProtocol - Starting ProtocolHandler ["http-nio-8081"]
2026-03-30 03:39:11.261 [INFO] org.springframework.boot.web.embedded.tomcat.TomcatWebServer - Tomcat started on port 8081 (http) with context path '/'
2026-03-30 03:39:11.268 [INFO] m8jt.project1.MainApplication - Started MainApplication in 3.074 seconds (process running for 3.782)
2026-03-30 03:42:05.953 [INFO] org.apache.catalina.core.ContainerBase.[Tomcat].[localhost].[/] - Initializing Spring DispatcherServlet 'dispatcherServlet'
2026-03-30 03:42:05.953 [INFO] org.springframework.web.servlet.DispatcherServlet - Initializing Servlet 'dispatcherServlet'
2026-03-30 03:42:05.954 [INFO] org.springframework.web.servlet.DispatcherServlet - Completed initialization in 1 ms
2026-03-30 03:42:06.181 [WARN] org.hibernate.engine.jdbc.spi.SqlExceptionHelper - SQL Error: 42104, SQLState: 42S04
2026-03-30 03:42:06.181 [ERROR] org.hibernate.engine.jdbc.spi.SqlExceptionHelper - Table "USERS" not found (this database is empty); SQL statement:
insert into users (name,user_id) values (?,default) [42104-232]
2026-03-30 03:43:21.156 [WARN] org.hibernate.engine.jdbc.spi.SqlExceptionHelper - SQL Error: 42104, SQLState: 42S04
2026-03-30 03:43:21.156 [ERROR] org.hibernate.engine.jdbc.spi.SqlExceptionHelper - Table "USERS" not found (this database is empty); SQL statement:
insert into users (name,user_id) values (?,default) [42104-232]
2026-03-30 03:46:30.056 [INFO] org.springframework.boot.admin.SpringApplicationAdminMXBeanRegistrar$SpringApplicationAdmin - Application shutdown requested.
2026-03-30 03:46:30.058 [INFO] org.springframework.boot.web.embedded.tomcat.GracefulShutdown - Commencing graceful shutdown. Waiting for active requests to complete
2026-03-30 03:46:30.059 [INFO] org.apache.coyote.http11.Http11NioProtocol - Pausing ProtocolHandler ["http-nio-8081"]
2026-03-30 03:46:30.554 [INFO] org.springframework.boot.web.embedded.tomcat.GracefulShutdown - Graceful shutdown complete
2026-03-30 03:46:30.555 [INFO] org.apache.coyote.http11.Http11NioProtocol - Stopping ProtocolHandler ["http-nio-8081"]
2026-03-30 03:46:30.558 [INFO] org.springframework.orm.jpa.LocalContainerEntityManagerFactoryBean - Closing JPA EntityManagerFactory for persistence unit 'default'
2026-03-30 03:46:30.560 [INFO] com.zaxxer.hikari.HikariDataSource - HikariPool-1 - Shutdown initiated...
2026-03-30 03:46:30.561 [INFO] com.zaxxer.hikari.HikariDataSource - HikariPool-1 - Shutdown completed.
2026-03-30 03:48:16.051 [INFO] org.hibernate.validator.internal.util.Version - HV000001: Hibernate Validator 8.0.3.Final
2026-03-30 03:48:16.098 [INFO] m8jt.project1.MainApplication - Starting MainApplication using Java 17.0.14 with PID 25080 (C:\Users\jrptabucanon\Documents\workspace-spring-tools-for-eclipse\M8JTProject1\target\classes started by jrptabucanon in C:\Users\jrptabucanon\Documents\workspace-spring-tools-for-eclipse\M8JTProject1)
2026-03-30 03:48:16.099 [INFO] m8jt.project1.MainApplication - The following 1 profile is active: "dev"
2026-03-30 03:48:16.615 [INFO] org.springframework.data.repository.config.RepositoryConfigurationDelegate - Bootstrapping Spring Data JPA repositories in DEFAULT mode.
2026-03-30 03:48:16.673 [INFO] org.springframework.data.repository.config.RepositoryConfigurationDelegate - Finished Spring Data repository scanning in 51 ms. Found 3 JPA repository interfaces.
2026-03-30 03:48:16.982 [INFO] org.springframework.boot.web.embedded.tomcat.TomcatWebServer - Tomcat initialized with port 8081 (http)
2026-03-30 03:48:16.990 [INFO] org.apache.coyote.http11.Http11NioProtocol - Initializing ProtocolHandler ["http-nio-8081"]
2026-03-30 03:48:16.991 [INFO] org.apache.catalina.core.StandardService - Starting service [Tomcat]
2026-03-30 03:48:16.991 [INFO] org.apache.catalina.core.StandardEngine - Starting Servlet engine: [Apache Tomcat/10.1.53]
2026-03-30 03:48:17.044 [INFO] org.apache.catalina.core.ContainerBase.[Tomcat].[localhost].[/] - Initializing Spring embedded WebApplicationContext
2026-03-30 03:48:17.044 [INFO] org.springframework.boot.web.servlet.context.ServletWebServerApplicationContext - Root WebApplicationContext: initialization completed in 912 ms
2026-03-30 03:48:17.163 [INFO] org.hibernate.jpa.internal.util.LogHelper - HHH000204: Processing PersistenceUnitInfo [name: default]
2026-03-30 03:48:17.202 [INFO] org.hibernate.Version - HHH000412: Hibernate ORM core version 6.6.45.Final
2026-03-30 03:48:17.228 [INFO] org.hibernate.cache.internal.RegionFactoryInitiator - HHH000026: Second-level cache disabled
2026-03-30 03:48:17.446 [INFO] org.springframework.orm.jpa.persistenceunit.SpringPersistenceUnitInfo - No LoadTimeWeaver setup: ignoring JPA class transformer
2026-03-30 03:48:17.470 [INFO] com.zaxxer.hikari.HikariDataSource - HikariPool-1 - Starting...
2026-03-30 03:48:17.603 [INFO] com.zaxxer.hikari.pool.HikariPool - HikariPool-1 - Added connection conn0: url=jdbc:h2:mem:librarydb user=SA
2026-03-30 03:48:17.604 [INFO] com.zaxxer.hikari.HikariDataSource - HikariPool-1 - Start completed.
2026-03-30 03:48:17.622 [WARN] org.hibernate.orm.deprecation - HHH90000025: H2Dialect does not need to be specified explicitly using 'hibernate.dialect' (remove the property setting and it will be selected by default)
2026-03-30 03:48:17.639 [INFO] org.hibernate.orm.connections.pooling - HHH10001005: Database info:
	Database JDBC URL [Connecting through datasource 'HikariDataSource (HikariPool-1)']
	Database driver: undefined/unknown
	Database version: 2.3.232
	Autocommit mode: undefined/unknown
	Isolation level: undefined/unknown
	Minimum pool size: undefined/unknown
	Maximum pool size: undefined/unknown
2026-03-30 03:48:18.410 [INFO] org.hibernate.engine.transaction.jta.platform.internal.JtaPlatformInitiator - HHH000489: No JTA platform available (set 'hibernate.transaction.jta.platform' to enable JTA platform integration)
2026-03-30 03:48:18.413 [INFO] org.springframework.orm.jpa.LocalContainerEntityManagerFactoryBean - Initialized JPA EntityManagerFactory for persistence unit 'default'
2026-03-30 03:48:18.767 [WARN] org.springframework.boot.autoconfigure.orm.jpa.JpaBaseConfiguration$JpaWebConfiguration - spring.jpa.open-in-view is enabled by default. Therefore, database queries may be performed during view rendering. Explicitly configure spring.jpa.open-in-view to disable this warning
2026-03-30 03:48:18.979 [INFO] org.springframework.boot.autoconfigure.h2.H2ConsoleAutoConfiguration - H2 console available at '/h2-console'. Database available at 'jdbc:h2:mem:librarydb'
2026-03-30 03:48:19.027 [INFO] org.apache.coyote.http11.Http11NioProtocol - Starting ProtocolHandler ["http-nio-8081"]
2026-03-30 03:48:19.049 [INFO] org.springframework.boot.web.embedded.tomcat.TomcatWebServer - Tomcat started on port 8081 (http) with context path '/'
2026-03-30 03:48:19.056 [INFO] m8jt.project1.MainApplication - Started MainApplication in 3.243 seconds (process running for 3.99)
2026-03-30 03:49:18.452 [INFO] org.apache.catalina.core.ContainerBase.[Tomcat].[localhost].[/] - Initializing Spring DispatcherServlet 'dispatcherServlet'
2026-03-30 03:49:18.452 [INFO] org.springframework.web.servlet.DispatcherServlet - Initializing Servlet 'dispatcherServlet'
2026-03-30 03:49:18.454 [INFO] org.springframework.web.servlet.DispatcherServlet - Completed initialization in 0 ms
2026-03-30 03:49:18.638 [WARN] org.hibernate.engine.jdbc.spi.SqlExceptionHelper - SQL Error: 42104, SQLState: 42S04
2026-03-30 03:49:18.638 [ERROR] org.hibernate.engine.jdbc.spi.SqlExceptionHelper - Table "USERS" not found (this database is empty); SQL statement:
insert into users (name,user_id) values (?,default) [42104-232]
2026-03-30 03:53:25.155 [INFO] org.springframework.boot.admin.SpringApplicationAdminMXBeanRegistrar$SpringApplicationAdmin - Application shutdown requested.
2026-03-30 03:53:25.159 [INFO] org.springframework.boot.web.embedded.tomcat.GracefulShutdown - Commencing graceful shutdown. Waiting for active requests to complete
2026-03-30 03:53:25.161 [INFO] org.apache.coyote.http11.Http11NioProtocol - Pausing ProtocolHandler ["http-nio-8081"]
2026-03-30 03:53:26.180 [INFO] org.springframework.boot.web.embedded.tomcat.GracefulShutdown - Graceful shutdown complete
2026-03-30 03:53:26.181 [INFO] org.apache.coyote.http11.Http11NioProtocol - Stopping ProtocolHandler ["http-nio-8081"]
2026-03-30 03:53:26.183 [INFO] org.springframework.orm.jpa.LocalContainerEntityManagerFactoryBean - Closing JPA EntityManagerFactory for persistence unit 'default'
2026-03-30 03:53:26.186 [INFO] com.zaxxer.hikari.HikariDataSource - HikariPool-1 - Shutdown initiated...
2026-03-30 03:53:26.188 [INFO] com.zaxxer.hikari.HikariDataSource - HikariPool-1 - Shutdown completed.
2026-03-30 03:55:21.390 [INFO] org.hibernate.validator.internal.util.Version - HV000001: Hibernate Validator 8.0.3.Final
2026-03-30 03:55:21.436 [INFO] m8jt.project1.MainApplication - Starting MainApplication using Java 17.0.14 with PID 30408 (C:\Users\jrptabucanon\Documents\workspace-spring-tools-for-eclipse\M8JTProject1\target\classes started by jrptabucanon in C:\Users\jrptabucanon\Documents\workspace-spring-tools-for-eclipse\M8JTProject1)
2026-03-30 03:55:21.438 [INFO] m8jt.project1.MainApplication - The following 1 profile is active: "dev"
2026-03-30 03:55:21.983 [INFO] org.springframework.data.repository.config.RepositoryConfigurationDelegate - Bootstrapping Spring Data JPA repositories in DEFAULT mode.
2026-03-30 03:55:22.041 [INFO] org.springframework.data.repository.config.RepositoryConfigurationDelegate - Finished Spring Data repository scanning in 50 ms. Found 3 JPA repository interfaces.
2026-03-30 03:55:22.369 [INFO] org.springframework.boot.web.embedded.tomcat.TomcatWebServer - Tomcat initialized with port 8081 (http)
2026-03-30 03:55:22.377 [INFO] org.apache.coyote.http11.Http11NioProtocol - Initializing ProtocolHandler ["http-nio-8081"]
2026-03-30 03:55:22.378 [INFO] org.apache.catalina.core.StandardService - Starting service [Tomcat]
2026-03-30 03:55:22.378 [INFO] org.apache.catalina.core.StandardEngine - Starting Servlet engine: [Apache Tomcat/10.1.53]
2026-03-30 03:55:22.433 [INFO] org.apache.catalina.core.ContainerBase.[Tomcat].[localhost].[/] - Initializing Spring embedded WebApplicationContext
2026-03-30 03:55:22.434 [INFO] org.springframework.boot.web.servlet.context.ServletWebServerApplicationContext - Root WebApplicationContext: initialization completed in 964 ms
2026-03-30 03:55:22.568 [INFO] org.hibernate.jpa.internal.util.LogHelper - HHH000204: Processing PersistenceUnitInfo [name: default]
2026-03-30 03:55:22.629 [INFO] org.hibernate.Version - HHH000412: Hibernate ORM core version 6.6.45.Final
2026-03-30 03:55:22.660 [INFO] org.hibernate.cache.internal.RegionFactoryInitiator - HHH000026: Second-level cache disabled
2026-03-30 03:55:22.901 [INFO] org.springframework.orm.jpa.persistenceunit.SpringPersistenceUnitInfo - No LoadTimeWeaver setup: ignoring JPA class transformer
2026-03-30 03:55:22.925 [INFO] com.zaxxer.hikari.HikariDataSource - HikariPool-1 - Starting...
2026-03-30 03:55:23.085 [INFO] com.zaxxer.hikari.pool.HikariPool - HikariPool-1 - Added connection conn0: url=jdbc:h2:mem:librarydb user=SA
2026-03-30 03:55:23.088 [INFO] com.zaxxer.hikari.HikariDataSource - HikariPool-1 - Start completed.
2026-03-30 03:55:23.106 [WARN] org.hibernate.orm.deprecation - HHH90000025: H2Dialect does not need to be specified explicitly using 'hibernate.dialect' (remove the property setting and it will be selected by default)
2026-03-30 03:55:23.126 [INFO] org.hibernate.orm.connections.pooling - HHH10001005: Database info:
	Database JDBC URL [Connecting through datasource 'HikariDataSource (HikariPool-1)']
	Database driver: undefined/unknown
	Database version: 2.3.232
	Autocommit mode: undefined/unknown
	Isolation level: undefined/unknown
	Minimum pool size: undefined/unknown
	Maximum pool size: undefined/unknown
2026-03-30 03:55:23.877 [INFO] org.hibernate.engine.transaction.jta.platform.internal.JtaPlatformInitiator - HHH000489: No JTA platform available (set 'hibernate.transaction.jta.platform' to enable JTA platform integration)
2026-03-30 03:55:23.929 [INFO] org.springframework.orm.jpa.LocalContainerEntityManagerFactoryBean - Initialized JPA EntityManagerFactory for persistence unit 'default'
2026-03-30 03:55:24.272 [WARN] org.springframework.boot.autoconfigure.orm.jpa.JpaBaseConfiguration$JpaWebConfiguration - spring.jpa.open-in-view is enabled by default. Therefore, database queries may be performed during view rendering. Explicitly configure spring.jpa.open-in-view to disable this warning
2026-03-30 03:55:24.474 [INFO] org.springframework.boot.autoconfigure.h2.H2ConsoleAutoConfiguration - H2 console available at '/h2-console'. Database available at 'jdbc:h2:mem:librarydb'
2026-03-30 03:55:24.523 [INFO] org.apache.coyote.http11.Http11NioProtocol - Starting ProtocolHandler ["http-nio-8081"]
2026-03-30 03:55:24.544 [INFO] org.springframework.boot.web.embedded.tomcat.TomcatWebServer - Tomcat started on port 8081 (http) with context path '/'
2026-03-30 03:55:24.551 [INFO] m8jt.project1.MainApplication - Started MainApplication in 3.409 seconds (process running for 4.162)
2026-03-30 03:55:26.038 [INFO] org.apache.catalina.core.ContainerBase.[Tomcat].[localhost].[/] - Initializing Spring DispatcherServlet 'dispatcherServlet'
2026-03-30 03:55:26.038 [INFO] org.springframework.web.servlet.DispatcherServlet - Initializing Servlet 'dispatcherServlet'
2026-03-30 03:55:26.038 [INFO] org.springframework.web.servlet.DispatcherServlet - Completed initialization in 0 ms
2026-03-30 04:07:22.872 [INFO] org.springframework.boot.admin.SpringApplicationAdminMXBeanRegistrar$SpringApplicationAdmin - Application shutdown requested.
2026-03-30 04:07:22.874 [INFO] org.springframework.boot.web.embedded.tomcat.GracefulShutdown - Commencing graceful shutdown. Waiting for active requests to complete
2026-03-30 04:07:22.875 [INFO] org.apache.coyote.http11.Http11NioProtocol - Pausing ProtocolHandler ["http-nio-8081"]
2026-03-30 04:07:23.375 [INFO] org.springframework.boot.web.embedded.tomcat.GracefulShutdown - Graceful shutdown complete
2026-03-30 04:07:23.376 [INFO] org.apache.coyote.http11.Http11NioProtocol - Stopping ProtocolHandler ["http-nio-8081"]
2026-03-30 04:07:23.379 [INFO] org.springframework.orm.jpa.LocalContainerEntityManagerFactoryBean - Closing JPA EntityManagerFactory for persistence unit 'default'
2026-03-30 04:07:23.384 [INFO] com.zaxxer.hikari.HikariDataSource - HikariPool-1 - Shutdown initiated...
2026-03-30 04:07:23.386 [INFO] com.zaxxer.hikari.HikariDataSource - HikariPool-1 - Shutdown completed.
2026-03-30 04:10:05.648 [INFO] org.hibernate.validator.internal.util.Version - HV000001: Hibernate Validator 8.0.3.Final
2026-03-30 04:10:05.690 [INFO] m8jt.project1.MainApplication - Starting MainApplication using Java 17.0.14 with PID 19664 (C:\Users\jrptabucanon\Documents\workspace-spring-tools-for-eclipse\M8JTProject1\target\classes started by jrptabucanon in C:\Users\jrptabucanon\Documents\workspace-spring-tools-for-eclipse\M8JTProject1)
2026-03-30 04:10:05.691 [INFO] m8jt.project1.MainApplication - The following 1 profile is active: "dev"
2026-03-30 04:10:06.203 [INFO] org.springframework.data.repository.config.RepositoryConfigurationDelegate - Bootstrapping Spring Data JPA repositories in DEFAULT mode.
2026-03-30 04:10:06.259 [INFO] org.springframework.data.repository.config.RepositoryConfigurationDelegate - Finished Spring Data repository scanning in 48 ms. Found 3 JPA repository interfaces.
2026-03-30 04:10:06.570 [INFO] org.springframework.boot.web.embedded.tomcat.TomcatWebServer - Tomcat initialized with port 8081 (http)
2026-03-30 04:10:06.578 [INFO] org.apache.coyote.http11.Http11NioProtocol - Initializing ProtocolHandler ["http-nio-8081"]
2026-03-30 04:10:06.579 [INFO] org.apache.catalina.core.StandardService - Starting service [Tomcat]
2026-03-30 04:10:06.579 [INFO] org.apache.catalina.core.StandardEngine - Starting Servlet engine: [Apache Tomcat/10.1.53]
2026-03-30 04:10:06.633 [INFO] org.apache.catalina.core.ContainerBase.[Tomcat].[localhost].[/] - Initializing Spring embedded WebApplicationContext
2026-03-30 04:10:06.633 [INFO] org.springframework.boot.web.servlet.context.ServletWebServerApplicationContext - Root WebApplicationContext: initialization completed in 910 ms
2026-03-30 04:10:06.758 [INFO] org.hibernate.jpa.internal.util.LogHelper - HHH000204: Processing PersistenceUnitInfo [name: default]
2026-03-30 04:10:06.801 [INFO] org.hibernate.Version - HHH000412: Hibernate ORM core version 6.6.45.Final
2026-03-30 04:10:06.828 [INFO] org.hibernate.cache.internal.RegionFactoryInitiator - HHH000026: Second-level cache disabled
2026-03-30 04:10:07.041 [INFO] org.springframework.orm.jpa.persistenceunit.SpringPersistenceUnitInfo - No LoadTimeWeaver setup: ignoring JPA class transformer
2026-03-30 04:10:07.065 [INFO] com.zaxxer.hikari.HikariDataSource - HikariPool-1 - Starting...
2026-03-30 04:10:07.357 [INFO] com.zaxxer.hikari.pool.HikariPool - HikariPool-1 - Added connection org.postgresql.jdbc.PgConnection@60c98f25
2026-03-30 04:10:07.358 [INFO] com.zaxxer.hikari.HikariDataSource - HikariPool-1 - Start completed.
2026-03-30 04:10:07.389 [WARN] org.hibernate.orm.deprecation - HHH90000025: PostgreSQLDialect does not need to be specified explicitly using 'hibernate.dialect' (remove the property setting and it will be selected by default)
2026-03-30 04:10:07.410 [INFO] org.hibernate.orm.connections.pooling - HHH10001005: Database info:
	Database JDBC URL [Connecting through datasource 'HikariDataSource (HikariPool-1)']
	Database driver: undefined/unknown
	Database version: 18.1
	Autocommit mode: undefined/unknown
	Isolation level: undefined/unknown
	Minimum pool size: undefined/unknown
	Maximum pool size: undefined/unknown
2026-03-30 04:10:08.259 [INFO] org.hibernate.engine.transaction.jta.platform.internal.JtaPlatformInitiator - HHH000489: No JTA platform available (set 'hibernate.transaction.jta.platform' to enable JTA platform integration)
2026-03-30 04:10:08.263 [INFO] org.springframework.orm.jpa.LocalContainerEntityManagerFactoryBean - Initialized JPA EntityManagerFactory for persistence unit 'default'
2026-03-30 04:10:08.644 [WARN] org.springframework.boot.autoconfigure.orm.jpa.JpaBaseConfiguration$JpaWebConfiguration - spring.jpa.open-in-view is enabled by default. Therefore, database queries may be performed during view rendering. Explicitly configure spring.jpa.open-in-view to disable this warning
2026-03-30 04:10:08.974 [INFO] org.apache.coyote.http11.Http11NioProtocol - Starting ProtocolHandler ["http-nio-8081"]
2026-03-30 04:10:08.997 [INFO] org.springframework.boot.web.embedded.tomcat.TomcatWebServer - Tomcat started on port 8081 (http) with context path '/'
2026-03-30 04:10:09.005 [INFO] m8jt.project1.MainApplication - Started MainApplication in 3.594 seconds (process running for 4.306)
2026-03-30 04:10:11.075 [INFO] org.apache.catalina.core.ContainerBase.[Tomcat].[localhost].[/] - Initializing Spring DispatcherServlet 'dispatcherServlet'
2026-03-30 04:10:11.075 [INFO] org.springframework.web.servlet.DispatcherServlet - Initializing Servlet 'dispatcherServlet'
2026-03-30 04:10:11.076 [INFO] org.springframework.web.servlet.DispatcherServlet - Completed initialization in 1 ms
2026-03-30 04:18:41.954 [INFO] org.springframework.boot.admin.SpringApplicationAdminMXBeanRegistrar$SpringApplicationAdmin - Application shutdown requested.
2026-03-30 04:18:41.956 [INFO] org.springframework.boot.web.embedded.tomcat.GracefulShutdown - Commencing graceful shutdown. Waiting for active requests to complete
2026-03-30 04:18:41.957 [INFO] org.apache.coyote.http11.Http11NioProtocol - Pausing ProtocolHandler ["http-nio-8081"]
2026-03-30 04:18:42.513 [INFO] org.springframework.boot.web.embedded.tomcat.GracefulShutdown - Graceful shutdown complete
2026-03-30 04:18:42.514 [INFO] org.apache.coyote.http11.Http11NioProtocol - Stopping ProtocolHandler ["http-nio-8081"]
2026-03-30 04:18:42.518 [INFO] org.springframework.orm.jpa.LocalContainerEntityManagerFactoryBean - Closing JPA EntityManagerFactory for persistence unit 'default'
2026-03-30 04:18:42.520 [INFO] com.zaxxer.hikari.HikariDataSource - HikariPool-1 - Shutdown initiated...
2026-03-30 04:18:42.523 [INFO] com.zaxxer.hikari.HikariDataSource - HikariPool-1 - Shutdown completed.
2026-03-30 04:19:21.579 [INFO] org.hibernate.validator.internal.util.Version - HV000001: Hibernate Validator 8.0.3.Final
2026-03-30 04:19:21.622 [INFO] m8jt.project1.MainApplication - Starting MainApplication using Java 17.0.14 with PID 31908 (C:\Users\jrptabucanon\Documents\workspace-spring-tools-for-eclipse\M8JTProject1\target\classes started by jrptabucanon in C:\Users\jrptabucanon\Documents\workspace-spring-tools-for-eclipse\M8JTProject1)
2026-03-30 04:19:21.623 [INFO] m8jt.project1.MainApplication - The following 1 profile is active: "dev"
2026-03-30 04:19:22.169 [INFO] org.springframework.data.repository.config.RepositoryConfigurationDelegate - Bootstrapping Spring Data JPA repositories in DEFAULT mode.
2026-03-30 04:19:22.226 [INFO] org.springframework.data.repository.config.RepositoryConfigurationDelegate - Finished Spring Data repository scanning in 49 ms. Found 3 JPA repository interfaces.
2026-03-30 04:19:22.518 [INFO] org.springframework.boot.web.embedded.tomcat.TomcatWebServer - Tomcat initialized with port 8081 (http)
2026-03-30 04:19:22.527 [INFO] org.apache.coyote.http11.Http11NioProtocol - Initializing ProtocolHandler ["http-nio-8081"]
2026-03-30 04:19:22.528 [INFO] org.apache.catalina.core.StandardService - Starting service [Tomcat]
2026-03-30 04:19:22.528 [INFO] org.apache.catalina.core.StandardEngine - Starting Servlet engine: [Apache Tomcat/10.1.53]
2026-03-30 04:19:22.581 [INFO] org.apache.catalina.core.ContainerBase.[Tomcat].[localhost].[/] - Initializing Spring embedded WebApplicationContext
2026-03-30 04:19:22.581 [INFO] org.springframework.boot.web.servlet.context.ServletWebServerApplicationContext - Root WebApplicationContext: initialization completed in 926 ms
2026-03-30 04:19:22.693 [INFO] org.hibernate.jpa.internal.util.LogHelper - HHH000204: Processing PersistenceUnitInfo [name: default]
2026-03-30 04:19:22.735 [INFO] org.hibernate.Version - HHH000412: Hibernate ORM core version 6.6.45.Final
2026-03-30 04:19:22.762 [INFO] org.hibernate.cache.internal.RegionFactoryInitiator - HHH000026: Second-level cache disabled
2026-03-30 04:19:22.989 [INFO] org.springframework.orm.jpa.persistenceunit.SpringPersistenceUnitInfo - No LoadTimeWeaver setup: ignoring JPA class transformer
2026-03-30 04:19:23.014 [INFO] com.zaxxer.hikari.HikariDataSource - HikariPool-1 - Starting...
2026-03-30 04:19:23.305 [INFO] com.zaxxer.hikari.pool.HikariPool - HikariPool-1 - Added connection org.postgresql.jdbc.PgConnection@608b35fa
2026-03-30 04:19:23.306 [INFO] com.zaxxer.hikari.HikariDataSource - HikariPool-1 - Start completed.
2026-03-30 04:19:23.336 [WARN] org.hibernate.orm.deprecation - HHH90000025: PostgreSQLDialect does not need to be specified explicitly using 'hibernate.dialect' (remove the property setting and it will be selected by default)
2026-03-30 04:19:23.355 [INFO] org.hibernate.orm.connections.pooling - HHH10001005: Database info:
	Database JDBC URL [Connecting through datasource 'HikariDataSource (HikariPool-1)']
	Database driver: undefined/unknown
	Database version: 18.1
	Autocommit mode: undefined/unknown
	Isolation level: undefined/unknown
	Minimum pool size: undefined/unknown
	Maximum pool size: undefined/unknown
2026-03-30 04:19:24.206 [INFO] org.hibernate.engine.transaction.jta.platform.internal.JtaPlatformInitiator - HHH000489: No JTA platform available (set 'hibernate.transaction.jta.platform' to enable JTA platform integration)
2026-03-30 04:19:24.209 [INFO] org.springframework.orm.jpa.LocalContainerEntityManagerFactoryBean - Initialized JPA EntityManagerFactory for persistence unit 'default'
2026-03-30 04:19:24.637 [WARN] org.springframework.boot.autoconfigure.orm.jpa.JpaBaseConfiguration$JpaWebConfiguration - spring.jpa.open-in-view is enabled by default. Therefore, database queries may be performed during view rendering. Explicitly configure spring.jpa.open-in-view to disable this warning
2026-03-30 04:19:24.983 [INFO] org.apache.coyote.http11.Http11NioProtocol - Starting ProtocolHandler ["http-nio-8081"]
2026-03-30 04:19:25.006 [INFO] org.springframework.boot.web.embedded.tomcat.TomcatWebServer - Tomcat started on port 8081 (http) with context path '/'
2026-03-30 04:19:25.015 [INFO] m8jt.project1.MainApplication - Started MainApplication in 3.705 seconds (process running for 4.414)
2026-03-30 04:19:29.592 [INFO] org.apache.catalina.core.ContainerBase.[Tomcat].[localhost].[/] - Initializing Spring DispatcherServlet 'dispatcherServlet'
2026-03-30 04:19:29.593 [INFO] org.springframework.web.servlet.DispatcherServlet - Initializing Servlet 'dispatcherServlet'
2026-03-30 04:19:29.594 [INFO] org.springframework.web.servlet.DispatcherServlet - Completed initialization in 1 ms
2026-03-30 04:24:50.787 [INFO] org.springframework.boot.admin.SpringApplicationAdminMXBeanRegistrar$SpringApplicationAdmin - Application shutdown requested.
2026-03-30 04:24:50.789 [INFO] org.springframework.boot.web.embedded.tomcat.GracefulShutdown - Commencing graceful shutdown. Waiting for active requests to complete
2026-03-30 04:24:50.790 [INFO] org.apache.coyote.http11.Http11NioProtocol - Pausing ProtocolHandler ["http-nio-8081"]
2026-03-30 04:24:51.288 [INFO] org.springframework.boot.web.embedded.tomcat.GracefulShutdown - Graceful shutdown complete
2026-03-30 04:24:51.289 [INFO] org.apache.coyote.http11.Http11NioProtocol - Stopping ProtocolHandler ["http-nio-8081"]
2026-03-30 04:24:51.291 [INFO] org.springframework.orm.jpa.LocalContainerEntityManagerFactoryBean - Closing JPA EntityManagerFactory for persistence unit 'default'
2026-03-30 04:24:51.293 [INFO] com.zaxxer.hikari.HikariDataSource - HikariPool-1 - Shutdown initiated...
2026-03-30 04:24:51.296 [INFO] com.zaxxer.hikari.HikariDataSource - HikariPool-1 - Shutdown completed.
2026-03-30 04:28:32.314 [INFO] org.hibernate.validator.internal.util.Version - HV000001: Hibernate Validator 8.0.3.Final
2026-03-30 04:28:32.362 [INFO] m8jt.project1.MainApplication - Starting MainApplication using Java 17.0.14 with PID 31128 (C:\Users\jrptabucanon\Documents\workspace-spring-tools-for-eclipse\M8JTProject1\target\classes started by jrptabucanon in C:\Users\jrptabucanon\Documents\workspace-spring-tools-for-eclipse\M8JTProject1)
2026-03-30 04:28:32.363 [INFO] m8jt.project1.MainApplication - The following 1 profile is active: "dev"
2026-03-30 04:28:32.880 [INFO] org.springframework.data.repository.config.RepositoryConfigurationDelegate - Bootstrapping Spring Data JPA repositories in DEFAULT mode.
2026-03-30 04:28:32.937 [INFO] org.springframework.data.repository.config.RepositoryConfigurationDelegate - Finished Spring Data repository scanning in 49 ms. Found 3 JPA repository interfaces.
2026-03-30 04:28:33.228 [INFO] org.springframework.boot.web.embedded.tomcat.TomcatWebServer - Tomcat initialized with port 8081 (http)
2026-03-30 04:28:33.236 [INFO] org.apache.coyote.http11.Http11NioProtocol - Initializing ProtocolHandler ["http-nio-8081"]
2026-03-30 04:28:33.237 [INFO] org.apache.catalina.core.StandardService - Starting service [Tomcat]
2026-03-30 04:28:33.237 [INFO] org.apache.catalina.core.StandardEngine - Starting Servlet engine: [Apache Tomcat/10.1.53]
2026-03-30 04:28:33.286 [INFO] org.apache.catalina.core.ContainerBase.[Tomcat].[localhost].[/] - Initializing Spring embedded WebApplicationContext
2026-03-30 04:28:33.286 [INFO] org.springframework.boot.web.servlet.context.ServletWebServerApplicationContext - Root WebApplicationContext: initialization completed in 889 ms
2026-03-30 04:28:33.396 [INFO] org.hibernate.jpa.internal.util.LogHelper - HHH000204: Processing PersistenceUnitInfo [name: default]
2026-03-30 04:28:33.435 [INFO] org.hibernate.Version - HHH000412: Hibernate ORM core version 6.6.45.Final
2026-03-30 04:28:33.459 [INFO] org.hibernate.cache.internal.RegionFactoryInitiator - HHH000026: Second-level cache disabled
2026-03-30 04:28:33.677 [INFO] org.springframework.orm.jpa.persistenceunit.SpringPersistenceUnitInfo - No LoadTimeWeaver setup: ignoring JPA class transformer
2026-03-30 04:28:33.704 [INFO] com.zaxxer.hikari.HikariDataSource - HikariPool-1 - Starting...
2026-03-30 04:28:33.963 [INFO] com.zaxxer.hikari.pool.HikariPool - HikariPool-1 - Added connection org.postgresql.jdbc.PgConnection@58e02359
2026-03-30 04:28:33.964 [INFO] com.zaxxer.hikari.HikariDataSource - HikariPool-1 - Start completed.
2026-03-30 04:28:33.995 [WARN] org.hibernate.orm.deprecation - HHH90000025: PostgreSQLDialect does not need to be specified explicitly using 'hibernate.dialect' (remove the property setting and it will be selected by default)
2026-03-30 04:28:34.013 [INFO] org.hibernate.orm.connections.pooling - HHH10001005: Database info:
	Database JDBC URL [Connecting through datasource 'HikariDataSource (HikariPool-1)']
	Database driver: undefined/unknown
	Database version: 18.1
	Autocommit mode: undefined/unknown
	Isolation level: undefined/unknown
	Minimum pool size: undefined/unknown
	Maximum pool size: undefined/unknown
2026-03-30 04:28:34.794 [INFO] org.hibernate.engine.transaction.jta.platform.internal.JtaPlatformInitiator - HHH000489: No JTA platform available (set 'hibernate.transaction.jta.platform' to enable JTA platform integration)
2026-03-30 04:28:34.797 [INFO] org.springframework.orm.jpa.LocalContainerEntityManagerFactoryBean - Initialized JPA EntityManagerFactory for persistence unit 'default'
2026-03-30 04:28:35.177 [WARN] org.springframework.boot.autoconfigure.orm.jpa.JpaBaseConfiguration$JpaWebConfiguration - spring.jpa.open-in-view is enabled by default. Therefore, database queries may be performed during view rendering. Explicitly configure spring.jpa.open-in-view to disable this warning
2026-03-30 04:28:35.481 [INFO] org.apache.coyote.http11.Http11NioProtocol - Starting ProtocolHandler ["http-nio-8081"]
2026-03-30 04:28:35.506 [INFO] org.springframework.boot.web.embedded.tomcat.TomcatWebServer - Tomcat started on port 8081 (http) with context path '/'
2026-03-30 04:28:35.513 [INFO] m8jt.project1.MainApplication - Started MainApplication in 3.45 seconds (process running for 4.152)
2026-03-30 04:28:52.095 [INFO] org.apache.catalina.core.ContainerBase.[Tomcat].[localhost].[/] - Initializing Spring DispatcherServlet 'dispatcherServlet'
2026-03-30 04:28:52.095 [INFO] org.springframework.web.servlet.DispatcherServlet - Initializing Servlet 'dispatcherServlet'
2026-03-30 04:28:52.096 [INFO] org.springframework.web.servlet.DispatcherServlet - Completed initialization in 1 ms
2026-03-30 04:35:33.258 [INFO] org.springframework.boot.admin.SpringApplicationAdminMXBeanRegistrar$SpringApplicationAdmin - Application shutdown requested.
2026-03-30 04:35:33.260 [INFO] org.springframework.boot.web.embedded.tomcat.GracefulShutdown - Commencing graceful shutdown. Waiting for active requests to complete
2026-03-30 04:35:33.261 [INFO] org.apache.coyote.http11.Http11NioProtocol - Pausing ProtocolHandler ["http-nio-8081"]
2026-03-30 04:35:33.758 [INFO] org.springframework.boot.web.embedded.tomcat.GracefulShutdown - Graceful shutdown complete
2026-03-30 04:35:33.759 [INFO] org.apache.coyote.http11.Http11NioProtocol - Stopping ProtocolHandler ["http-nio-8081"]
2026-03-30 04:35:33.762 [INFO] org.springframework.orm.jpa.LocalContainerEntityManagerFactoryBean - Closing JPA EntityManagerFactory for persistence unit 'default'
2026-03-30 04:35:33.764 [INFO] com.zaxxer.hikari.HikariDataSource - HikariPool-1 - Shutdown initiated...
2026-03-30 04:35:33.766 [INFO] com.zaxxer.hikari.HikariDataSource - HikariPool-1 - Shutdown completed.
2026-03-30 04:35:45.479 [INFO] org.hibernate.validator.internal.util.Version - HV000001: Hibernate Validator 8.0.3.Final
2026-03-30 04:35:45.524 [INFO] m8jt.project1.MainApplication - Starting MainApplication using Java 17.0.14 with PID 25032 (C:\Users\jrptabucanon\Documents\workspace-spring-tools-for-eclipse\M8JTProject1\target\classes started by jrptabucanon in C:\Users\jrptabucanon\Documents\workspace-spring-tools-for-eclipse\M8JTProject1)
2026-03-30 04:35:45.525 [INFO] m8jt.project1.MainApplication - The following 1 profile is active: "dev"
2026-03-30 04:35:46.065 [INFO] org.springframework.data.repository.config.RepositoryConfigurationDelegate - Bootstrapping Spring Data JPA repositories in DEFAULT mode.
2026-03-30 04:35:46.123 [INFO] org.springframework.data.repository.config.RepositoryConfigurationDelegate - Finished Spring Data repository scanning in 51 ms. Found 3 JPA repository interfaces.
2026-03-30 04:35:46.423 [INFO] org.springframework.boot.web.embedded.tomcat.TomcatWebServer - Tomcat initialized with port 8081 (http)
2026-03-30 04:35:46.431 [INFO] org.apache.coyote.http11.Http11NioProtocol - Initializing ProtocolHandler ["http-nio-8081"]
2026-03-30 04:35:46.433 [INFO] org.apache.catalina.core.StandardService - Starting service [Tomcat]
2026-03-30 04:35:46.433 [INFO] org.apache.catalina.core.StandardEngine - Starting Servlet engine: [Apache Tomcat/10.1.53]
2026-03-30 04:35:46.480 [INFO] org.apache.catalina.core.ContainerBase.[Tomcat].[localhost].[/] - Initializing Spring embedded WebApplicationContext
2026-03-30 04:35:46.480 [INFO] org.springframework.boot.web.servlet.context.ServletWebServerApplicationContext - Root WebApplicationContext: initialization completed in 921 ms
2026-03-30 04:35:46.590 [INFO] org.hibernate.jpa.internal.util.LogHelper - HHH000204: Processing PersistenceUnitInfo [name: default]
2026-03-30 04:35:46.633 [INFO] org.hibernate.Version - HHH000412: Hibernate ORM core version 6.6.45.Final
2026-03-30 04:35:46.658 [INFO] org.hibernate.cache.internal.RegionFactoryInitiator - HHH000026: Second-level cache disabled
2026-03-30 04:35:46.868 [INFO] org.springframework.orm.jpa.persistenceunit.SpringPersistenceUnitInfo - No LoadTimeWeaver setup: ignoring JPA class transformer
2026-03-30 04:35:46.892 [INFO] com.zaxxer.hikari.HikariDataSource - HikariPool-1 - Starting...
2026-03-30 04:35:47.151 [INFO] com.zaxxer.hikari.pool.HikariPool - HikariPool-1 - Added connection org.postgresql.jdbc.PgConnection@3b3546a3
2026-03-30 04:35:47.153 [INFO] com.zaxxer.hikari.HikariDataSource - HikariPool-1 - Start completed.
2026-03-30 04:35:47.189 [WARN] org.hibernate.orm.deprecation - HHH90000025: PostgreSQLDialect does not need to be specified explicitly using 'hibernate.dialect' (remove the property setting and it will be selected by default)
2026-03-30 04:35:47.209 [INFO] org.hibernate.orm.connections.pooling - HHH10001005: Database info:
	Database JDBC URL [Connecting through datasource 'HikariDataSource (HikariPool-1)']
	Database driver: undefined/unknown
	Database version: 18.1
	Autocommit mode: undefined/unknown
	Isolation level: undefined/unknown
	Minimum pool size: undefined/unknown
	Maximum pool size: undefined/unknown
2026-03-30 04:35:48.068 [INFO] org.hibernate.engine.transaction.jta.platform.internal.JtaPlatformInitiator - HHH000489: No JTA platform available (set 'hibernate.transaction.jta.platform' to enable JTA platform integration)
2026-03-30 04:35:48.071 [INFO] org.springframework.orm.jpa.LocalContainerEntityManagerFactoryBean - Initialized JPA EntityManagerFactory for persistence unit 'default'
2026-03-30 04:35:48.450 [WARN] org.springframework.boot.autoconfigure.orm.jpa.JpaBaseConfiguration$JpaWebConfiguration - spring.jpa.open-in-view is enabled by default. Therefore, database queries may be performed during view rendering. Explicitly configure spring.jpa.open-in-view to disable this warning
2026-03-30 04:35:48.748 [INFO] org.apache.coyote.http11.Http11NioProtocol - Starting ProtocolHandler ["http-nio-8081"]
2026-03-30 04:35:48.772 [INFO] org.springframework.boot.web.embedded.tomcat.TomcatWebServer - Tomcat started on port 8081 (http) with context path '/'
2026-03-30 04:35:48.780 [INFO] m8jt.project1.MainApplication - Started MainApplication in 3.54 seconds (process running for 4.237)
2026-03-30 04:35:54.467 [INFO] org.apache.catalina.core.ContainerBase.[Tomcat].[localhost].[/] - Initializing Spring DispatcherServlet 'dispatcherServlet'
2026-03-30 04:35:54.468 [INFO] org.springframework.web.servlet.DispatcherServlet - Initializing Servlet 'dispatcherServlet'
2026-03-30 04:35:54.468 [INFO] org.springframework.web.servlet.DispatcherServlet - Completed initialization in 0 ms
2026-03-30 04:36:53.871 [INFO] org.springframework.boot.admin.SpringApplicationAdminMXBeanRegistrar$SpringApplicationAdmin - Application shutdown requested.
2026-03-30 04:36:53.871 [INFO] org.springframework.boot.web.embedded.tomcat.GracefulShutdown - Commencing graceful shutdown. Waiting for active requests to complete
2026-03-30 04:36:53.871 [INFO] org.apache.coyote.http11.Http11NioProtocol - Pausing ProtocolHandler ["http-nio-8081"]
2026-03-30 04:36:54.855 [INFO] org.springframework.boot.web.embedded.tomcat.GracefulShutdown - Graceful shutdown complete
2026-03-30 04:36:54.855 [INFO] org.apache.coyote.http11.Http11NioProtocol - Stopping ProtocolHandler ["http-nio-8081"]
2026-03-30 04:36:54.855 [INFO] org.springframework.orm.jpa.LocalContainerEntityManagerFactoryBean - Closing JPA EntityManagerFactory for persistence unit 'default'
2026-03-30 04:36:54.855 [INFO] com.zaxxer.hikari.HikariDataSource - HikariPool-1 - Shutdown initiated...
2026-03-30 04:36:54.855 [INFO] com.zaxxer.hikari.HikariDataSource - HikariPool-1 - Shutdown completed.
2026-03-30 04:39:42.672 [INFO] org.hibernate.validator.internal.util.Version - HV000001: Hibernate Validator 8.0.3.Final
2026-03-30 04:39:42.716 [INFO] m8jt.project1.MainApplication - Starting MainApplication using Java 17.0.14 with PID 25288 (C:\Users\jrptabucanon\Documents\workspace-spring-tools-for-eclipse\M8JTProject1\target\classes started by jrptabucanon in C:\Users\jrptabucanon\Documents\workspace-spring-tools-for-eclipse\M8JTProject1)
2026-03-30 04:39:42.717 [INFO] m8jt.project1.MainApplication - The following 1 profile is active: "dev"
2026-03-30 04:39:43.258 [INFO] org.springframework.data.repository.config.RepositoryConfigurationDelegate - Bootstrapping Spring Data JPA repositories in DEFAULT mode.
2026-03-30 04:39:43.316 [INFO] org.springframework.data.repository.config.RepositoryConfigurationDelegate - Finished Spring Data repository scanning in 50 ms. Found 3 JPA repository interfaces.
2026-03-30 04:39:43.625 [INFO] org.springframework.boot.web.embedded.tomcat.TomcatWebServer - Tomcat initialized with port 8081 (http)
2026-03-30 04:39:43.632 [INFO] org.apache.coyote.http11.Http11NioProtocol - Initializing ProtocolHandler ["http-nio-8081"]
2026-03-30 04:39:43.633 [INFO] org.apache.catalina.core.StandardService - Starting service [Tomcat]
2026-03-30 04:39:43.633 [INFO] org.apache.catalina.core.StandardEngine - Starting Servlet engine: [Apache Tomcat/10.1.53]
2026-03-30 04:39:43.682 [INFO] org.apache.catalina.core.ContainerBase.[Tomcat].[localhost].[/] - Initializing Spring embedded WebApplicationContext
2026-03-30 04:39:43.683 [INFO] org.springframework.boot.web.servlet.context.ServletWebServerApplicationContext - Root WebApplicationContext: initialization completed in 934 ms
2026-03-30 04:39:43.795 [INFO] org.hibernate.jpa.internal.util.LogHelper - HHH000204: Processing PersistenceUnitInfo [name: default]
2026-03-30 04:39:43.834 [INFO] org.hibernate.Version - HHH000412: Hibernate ORM core version 6.6.45.Final
2026-03-30 04:39:43.860 [INFO] org.hibernate.cache.internal.RegionFactoryInitiator - HHH000026: Second-level cache disabled
2026-03-30 04:39:44.075 [INFO] org.springframework.orm.jpa.persistenceunit.SpringPersistenceUnitInfo - No LoadTimeWeaver setup: ignoring JPA class transformer
2026-03-30 04:39:44.098 [INFO] com.zaxxer.hikari.HikariDataSource - HikariPool-1 - Starting...
2026-03-30 04:39:44.341 [INFO] com.zaxxer.hikari.pool.HikariPool - HikariPool-1 - Added connection org.postgresql.jdbc.PgConnection@17354708
2026-03-30 04:39:44.342 [INFO] com.zaxxer.hikari.HikariDataSource - HikariPool-1 - Start completed.
2026-03-30 04:39:44.372 [WARN] org.hibernate.orm.deprecation - HHH90000025: PostgreSQLDialect does not need to be specified explicitly using 'hibernate.dialect' (remove the property setting and it will be selected by default)
2026-03-30 04:39:44.392 [INFO] org.hibernate.orm.connections.pooling - HHH10001005: Database info:
	Database JDBC URL [Connecting through datasource 'HikariDataSource (HikariPool-1)']
	Database driver: undefined/unknown
	Database version: 18.1
	Autocommit mode: undefined/unknown
	Isolation level: undefined/unknown
	Minimum pool size: undefined/unknown
	Maximum pool size: undefined/unknown
2026-03-30 04:39:45.204 [INFO] org.hibernate.engine.transaction.jta.platform.internal.JtaPlatformInitiator - HHH000489: No JTA platform available (set 'hibernate.transaction.jta.platform' to enable JTA platform integration)
2026-03-30 04:39:45.207 [INFO] org.springframework.orm.jpa.LocalContainerEntityManagerFactoryBean - Initialized JPA EntityManagerFactory for persistence unit 'default'
2026-03-30 04:39:45.586 [WARN] org.springframework.boot.autoconfigure.orm.jpa.JpaBaseConfiguration$JpaWebConfiguration - spring.jpa.open-in-view is enabled by default. Therefore, database queries may be performed during view rendering. Explicitly configure spring.jpa.open-in-view to disable this warning
2026-03-30 04:39:45.877 [INFO] org.apache.coyote.http11.Http11NioProtocol - Starting ProtocolHandler ["http-nio-8081"]
2026-03-30 04:39:45.901 [INFO] org.springframework.boot.web.embedded.tomcat.TomcatWebServer - Tomcat started on port 8081 (http) with context path '/'
2026-03-30 04:39:45.909 [INFO] m8jt.project1.MainApplication - Started MainApplication in 3.486 seconds (process running for 4.193)
2026-03-30 04:39:54.560 [INFO] org.apache.catalina.core.ContainerBase.[Tomcat].[localhost].[/] - Initializing Spring DispatcherServlet 'dispatcherServlet'
2026-03-30 04:39:54.560 [INFO] org.springframework.web.servlet.DispatcherServlet - Initializing Servlet 'dispatcherServlet'
2026-03-30 04:39:54.561 [INFO] org.springframework.web.servlet.DispatcherServlet - Completed initialization in 1 ms
2026-03-30 04:40:00.762 [INFO] org.springframework.boot.admin.SpringApplicationAdminMXBeanRegistrar$SpringApplicationAdmin - Application shutdown requested.
2026-03-30 04:40:00.765 [INFO] org.springframework.boot.web.embedded.tomcat.GracefulShutdown - Commencing graceful shutdown. Waiting for active requests to complete
2026-03-30 04:40:00.766 [INFO] org.apache.coyote.http11.Http11NioProtocol - Pausing ProtocolHandler ["http-nio-8081"]
2026-03-30 04:40:01.365 [INFO] org.springframework.boot.web.embedded.tomcat.GracefulShutdown - Graceful shutdown complete
2026-03-30 04:40:01.366 [INFO] org.apache.coyote.http11.Http11NioProtocol - Stopping ProtocolHandler ["http-nio-8081"]
2026-03-30 04:40:01.369 [INFO] org.springframework.orm.jpa.LocalContainerEntityManagerFactoryBean - Closing JPA EntityManagerFactory for persistence unit 'default'
2026-03-30 04:40:01.371 [INFO] com.zaxxer.hikari.HikariDataSource - HikariPool-1 - Shutdown initiated...
2026-03-30 04:40:01.373 [INFO] com.zaxxer.hikari.HikariDataSource - HikariPool-1 - Shutdown completed.
2026-03-30 08:17:07.298 [INFO] org.hibernate.validator.internal.util.Version - HV000001: Hibernate Validator 8.0.3.Final
2026-03-30 08:17:07.347 [INFO] m8jt.project1.MainApplication - Starting MainApplication using Java 17.0.14 with PID 5656 (C:\Users\jrptabucanon\Documents\workspace-spring-tools-for-eclipse\M8JTProject1\target\classes started by jrptabucanon in C:\Users\jrptabucanon\Documents\workspace-spring-tools-for-eclipse\M8JTProject1)
2026-03-30 08:17:07.348 [INFO] m8jt.project1.MainApplication - The following 1 profile is active: "dev"
2026-03-30 08:17:07.948 [INFO] org.springframework.data.repository.config.RepositoryConfigurationDelegate - Bootstrapping Spring Data JPA repositories in DEFAULT mode.
2026-03-30 08:17:08.015 [INFO] org.springframework.data.repository.config.RepositoryConfigurationDelegate - Finished Spring Data repository scanning in 59 ms. Found 3 JPA repository interfaces.
2026-03-30 08:17:08.374 [INFO] org.springframework.boot.web.embedded.tomcat.TomcatWebServer - Tomcat initialized with port 8081 (http)
2026-03-30 08:17:08.382 [INFO] org.apache.coyote.http11.Http11NioProtocol - Initializing ProtocolHandler ["http-nio-8081"]
2026-03-30 08:17:08.383 [INFO] org.apache.catalina.core.StandardService - Starting service [Tomcat]
2026-03-30 08:17:08.383 [INFO] org.apache.catalina.core.StandardEngine - Starting Servlet engine: [Apache Tomcat/10.1.53]
2026-03-30 08:17:08.440 [INFO] org.apache.catalina.core.ContainerBase.[Tomcat].[localhost].[/] - Initializing Spring embedded WebApplicationContext
2026-03-30 08:17:08.440 [INFO] org.springframework.boot.web.servlet.context.ServletWebServerApplicationContext - Root WebApplicationContext: initialization completed in 1058 ms
2026-03-30 08:17:08.569 [INFO] org.hibernate.jpa.internal.util.LogHelper - HHH000204: Processing PersistenceUnitInfo [name: default]
2026-03-30 08:17:08.618 [INFO] org.hibernate.Version - HHH000412: Hibernate ORM core version 6.6.45.Final
2026-03-30 08:17:08.647 [INFO] org.hibernate.cache.internal.RegionFactoryInitiator - HHH000026: Second-level cache disabled
2026-03-30 08:17:08.879 [INFO] org.springframework.orm.jpa.persistenceunit.SpringPersistenceUnitInfo - No LoadTimeWeaver setup: ignoring JPA class transformer
2026-03-30 08:17:08.905 [INFO] com.zaxxer.hikari.HikariDataSource - HikariPool-1 - Starting...
2026-03-30 08:17:09.156 [INFO] com.zaxxer.hikari.pool.HikariPool - HikariPool-1 - Added connection org.postgresql.jdbc.PgConnection@1f0e2bdc
2026-03-30 08:17:09.158 [INFO] com.zaxxer.hikari.HikariDataSource - HikariPool-1 - Start completed.
2026-03-30 08:17:09.188 [WARN] org.hibernate.orm.deprecation - HHH90000025: PostgreSQLDialect does not need to be specified explicitly using 'hibernate.dialect' (remove the property setting and it will be selected by default)
2026-03-30 08:17:09.209 [INFO] org.hibernate.orm.connections.pooling - HHH10001005: Database info:
	Database JDBC URL [Connecting through datasource 'HikariDataSource (HikariPool-1)']
	Database driver: undefined/unknown
	Database version: 18.1
	Autocommit mode: undefined/unknown
	Isolation level: undefined/unknown
	Minimum pool size: undefined/unknown
	Maximum pool size: undefined/unknown
2026-03-30 08:17:10.099 [INFO] org.hibernate.engine.transaction.jta.platform.internal.JtaPlatformInitiator - HHH000489: No JTA platform available (set 'hibernate.transaction.jta.platform' to enable JTA platform integration)
2026-03-30 08:17:10.102 [INFO] org.springframework.orm.jpa.LocalContainerEntityManagerFactoryBean - Initialized JPA EntityManagerFactory for persistence unit 'default'
2026-03-30 08:17:10.494 [WARN] org.springframework.boot.autoconfigure.orm.jpa.JpaBaseConfiguration$JpaWebConfiguration - spring.jpa.open-in-view is enabled by default. Therefore, database queries may be performed during view rendering. Explicitly configure spring.jpa.open-in-view to disable this warning
2026-03-30 08:17:10.811 [INFO] org.apache.coyote.http11.Http11NioProtocol - Starting ProtocolHandler ["http-nio-8081"]
2026-03-30 08:17:10.834 [INFO] org.springframework.boot.web.embedded.tomcat.TomcatWebServer - Tomcat started on port 8081 (http) with context path '/'
2026-03-30 08:17:10.843 [INFO] m8jt.project1.MainApplication - Started MainApplication in 3.842 seconds (process running for 4.746)
2026-03-30 08:17:14.670 [INFO] org.apache.catalina.core.ContainerBase.[Tomcat].[localhost].[/] - Initializing Spring DispatcherServlet 'dispatcherServlet'
2026-03-30 08:17:14.671 [INFO] org.springframework.web.servlet.DispatcherServlet - Initializing Servlet 'dispatcherServlet'
2026-03-30 08:17:14.672 [INFO] org.springframework.web.servlet.DispatcherServlet - Completed initialization in 1 ms
2026-03-30 08:24:29.083 [INFO] org.springframework.boot.admin.SpringApplicationAdminMXBeanRegistrar$SpringApplicationAdmin - Application shutdown requested.
2026-03-30 08:24:29.085 [INFO] org.springframework.boot.web.embedded.tomcat.GracefulShutdown - Commencing graceful shutdown. Waiting for active requests to complete
2026-03-30 08:24:29.086 [INFO] org.apache.coyote.http11.Http11NioProtocol - Pausing ProtocolHandler ["http-nio-8081"]
2026-03-30 08:24:29.604 [INFO] org.springframework.boot.web.embedded.tomcat.GracefulShutdown - Graceful shutdown complete
2026-03-30 08:24:29.605 [INFO] org.apache.coyote.http11.Http11NioProtocol - Stopping ProtocolHandler ["http-nio-8081"]
2026-03-30 08:24:29.608 [INFO] org.springframework.orm.jpa.LocalContainerEntityManagerFactoryBean - Closing JPA EntityManagerFactory for persistence unit 'default'
2026-03-30 08:24:29.610 [INFO] com.zaxxer.hikari.HikariDataSource - HikariPool-1 - Shutdown initiated...
2026-03-30 08:24:29.612 [INFO] com.zaxxer.hikari.HikariDataSource - HikariPool-1 - Shutdown completed.
2026-03-30 08:27:43.055 [INFO] org.hibernate.validator.internal.util.Version - HV000001: Hibernate Validator 8.0.3.Final
2026-03-30 08:27:43.099 [INFO] m8jt.project1.MainApplication - Starting MainApplication using Java 17.0.14 with PID 13640 (C:\Users\jrptabucanon\Documents\workspace-spring-tools-for-eclipse\M8JTProject1\target\classes started by jrptabucanon in C:\Users\jrptabucanon\Documents\workspace-spring-tools-for-eclipse\M8JTProject1)
2026-03-30 08:27:43.101 [INFO] m8jt.project1.MainApplication - The following 1 profile is active: "dev"
2026-03-30 08:27:43.619 [INFO] org.springframework.data.repository.config.RepositoryConfigurationDelegate - Bootstrapping Spring Data JPA repositories in DEFAULT mode.
2026-03-30 08:27:43.674 [INFO] org.springframework.data.repository.config.RepositoryConfigurationDelegate - Finished Spring Data repository scanning in 48 ms. Found 3 JPA repository interfaces.
2026-03-30 08:27:44.018 [INFO] org.springframework.boot.web.embedded.tomcat.TomcatWebServer - Tomcat initialized with port 8081 (http)
2026-03-30 08:27:44.026 [INFO] org.apache.coyote.http11.Http11NioProtocol - Initializing ProtocolHandler ["http-nio-8081"]
2026-03-30 08:27:44.028 [INFO] org.apache.catalina.core.StandardService - Starting service [Tomcat]
2026-03-30 08:27:44.028 [INFO] org.apache.catalina.core.StandardEngine - Starting Servlet engine: [Apache Tomcat/10.1.53]
2026-03-30 08:27:44.078 [INFO] org.apache.catalina.core.ContainerBase.[Tomcat].[localhost].[/] - Initializing Spring embedded WebApplicationContext
2026-03-30 08:27:44.078 [INFO] org.springframework.boot.web.servlet.context.ServletWebServerApplicationContext - Root WebApplicationContext: initialization completed in 945 ms
2026-03-30 08:27:44.198 [INFO] org.hibernate.jpa.internal.util.LogHelper - HHH000204: Processing PersistenceUnitInfo [name: default]
2026-03-30 08:27:44.239 [INFO] org.hibernate.Version - HHH000412: Hibernate ORM core version 6.6.45.Final
2026-03-30 08:27:44.269 [INFO] org.hibernate.cache.internal.RegionFactoryInitiator - HHH000026: Second-level cache disabled
2026-03-30 08:27:44.485 [INFO] org.springframework.orm.jpa.persistenceunit.SpringPersistenceUnitInfo - No LoadTimeWeaver setup: ignoring JPA class transformer
2026-03-30 08:27:44.509 [INFO] com.zaxxer.hikari.HikariDataSource - HikariPool-1 - Starting...
2026-03-30 08:27:44.793 [INFO] com.zaxxer.hikari.pool.HikariPool - HikariPool-1 - Added connection org.postgresql.jdbc.PgConnection@4ebfb045
2026-03-30 08:27:44.794 [INFO] com.zaxxer.hikari.HikariDataSource - HikariPool-1 - Start completed.
2026-03-30 08:27:44.829 [WARN] org.hibernate.orm.deprecation - HHH90000025: PostgreSQLDialect does not need to be specified explicitly using 'hibernate.dialect' (remove the property setting and it will be selected by default)
2026-03-30 08:27:44.848 [INFO] org.hibernate.orm.connections.pooling - HHH10001005: Database info:
	Database JDBC URL [Connecting through datasource 'HikariDataSource (HikariPool-1)']
	Database driver: undefined/unknown
	Database version: 18.1
	Autocommit mode: undefined/unknown
	Isolation level: undefined/unknown
	Minimum pool size: undefined/unknown
	Maximum pool size: undefined/unknown
2026-03-30 08:27:45.806 [INFO] org.hibernate.engine.transaction.jta.platform.internal.JtaPlatformInitiator - HHH000489: No JTA platform available (set 'hibernate.transaction.jta.platform' to enable JTA platform integration)
2026-03-30 08:27:45.809 [INFO] org.springframework.orm.jpa.LocalContainerEntityManagerFactoryBean - Initialized JPA EntityManagerFactory for persistence unit 'default'
2026-03-30 08:27:46.277 [WARN] org.springframework.boot.autoconfigure.orm.jpa.JpaBaseConfiguration$JpaWebConfiguration - spring.jpa.open-in-view is enabled by default. Therefore, database queries may be performed during view rendering. Explicitly configure spring.jpa.open-in-view to disable this warning
2026-03-30 08:27:46.624 [INFO] org.apache.coyote.http11.Http11NioProtocol - Starting ProtocolHandler ["http-nio-8081"]
2026-03-30 08:27:46.650 [INFO] org.springframework.boot.web.embedded.tomcat.TomcatWebServer - Tomcat started on port 8081 (http) with context path '/'
2026-03-30 08:27:46.659 [INFO] m8jt.project1.MainApplication - Started MainApplication in 3.85 seconds (process running for 4.579)
2026-03-30 08:27:51.857 [INFO] org.apache.catalina.core.ContainerBase.[Tomcat].[localhost].[/] - Initializing Spring DispatcherServlet 'dispatcherServlet'
2026-03-30 08:27:51.857 [INFO] org.springframework.web.servlet.DispatcherServlet - Initializing Servlet 'dispatcherServlet'
2026-03-30 08:27:51.858 [INFO] org.springframework.web.servlet.DispatcherServlet - Completed initialization in 1 ms
2026-03-30 08:34:54.167 [INFO] org.springframework.boot.admin.SpringApplicationAdminMXBeanRegistrar$SpringApplicationAdmin - Application shutdown requested.
2026-03-30 08:34:54.176 [INFO] org.springframework.boot.web.embedded.tomcat.GracefulShutdown - Commencing graceful shutdown. Waiting for active requests to complete
2026-03-30 08:34:54.176 [INFO] org.apache.coyote.http11.Http11NioProtocol - Pausing ProtocolHandler ["http-nio-8081"]
2026-03-30 08:34:55.195 [INFO] org.springframework.boot.web.embedded.tomcat.GracefulShutdown - Graceful shutdown complete
2026-03-30 08:34:55.195 [INFO] org.apache.coyote.http11.Http11NioProtocol - Stopping ProtocolHandler ["http-nio-8081"]
2026-03-30 08:34:55.195 [INFO] org.springframework.orm.jpa.LocalContainerEntityManagerFactoryBean - Closing JPA EntityManagerFactory for persistence unit 'default'
2026-03-30 08:34:55.195 [INFO] com.zaxxer.hikari.HikariDataSource - HikariPool-1 - Shutdown initiated...
2026-03-30 08:34:55.195 [INFO] com.zaxxer.hikari.HikariDataSource - HikariPool-1 - Shutdown completed.
2026-03-30 08:35:11.691 [INFO] org.hibernate.validator.internal.util.Version - HV000001: Hibernate Validator 8.0.3.Final
2026-03-30 08:35:11.736 [INFO] m8jt.project1.MainApplication - Starting MainApplication using Java 17.0.14 with PID 24872 (C:\Users\jrptabucanon\Documents\workspace-spring-tools-for-eclipse\M8JTProject1\target\classes started by jrptabucanon in C:\Users\jrptabucanon\Documents\workspace-spring-tools-for-eclipse\M8JTProject1)
2026-03-30 08:35:11.738 [INFO] m8jt.project1.MainApplication - The following 1 profile is active: "dev"
2026-03-30 08:35:12.416 [INFO] org.springframework.data.repository.config.RepositoryConfigurationDelegate - Bootstrapping Spring Data JPA repositories in DEFAULT mode.
2026-03-30 08:35:12.476 [INFO] org.springframework.data.repository.config.RepositoryConfigurationDelegate - Finished Spring Data repository scanning in 52 ms. Found 3 JPA repository interfaces.
2026-03-30 08:35:12.827 [INFO] org.springframework.boot.web.embedded.tomcat.TomcatWebServer - Tomcat initialized with port 8081 (http)
2026-03-30 08:35:12.836 [INFO] org.apache.coyote.http11.Http11NioProtocol - Initializing ProtocolHandler ["http-nio-8081"]
2026-03-30 08:35:12.838 [INFO] org.apache.catalina.core.StandardService - Starting service [Tomcat]
2026-03-30 08:35:12.838 [INFO] org.apache.catalina.core.StandardEngine - Starting Servlet engine: [Apache Tomcat/10.1.53]
2026-03-30 08:35:12.914 [INFO] org.apache.catalina.core.ContainerBase.[Tomcat].[localhost].[/] - Initializing Spring embedded WebApplicationContext
2026-03-30 08:35:12.914 [INFO] org.springframework.boot.web.servlet.context.ServletWebServerApplicationContext - Root WebApplicationContext: initialization completed in 1147 ms
2026-03-30 08:35:13.057 [INFO] org.hibernate.jpa.internal.util.LogHelper - HHH000204: Processing PersistenceUnitInfo [name: default]
2026-03-30 08:35:13.101 [INFO] org.hibernate.Version - HHH000412: Hibernate ORM core version 6.6.45.Final
2026-03-30 08:35:13.125 [INFO] org.hibernate.cache.internal.RegionFactoryInitiator - HHH000026: Second-level cache disabled
2026-03-30 08:35:13.350 [INFO] org.springframework.orm.jpa.persistenceunit.SpringPersistenceUnitInfo - No LoadTimeWeaver setup: ignoring JPA class transformer
2026-03-30 08:35:13.372 [INFO] com.zaxxer.hikari.HikariDataSource - HikariPool-1 - Starting...
2026-03-30 08:35:13.618 [INFO] com.zaxxer.hikari.pool.HikariPool - HikariPool-1 - Added connection org.postgresql.jdbc.PgConnection@4bbc21bd
2026-03-30 08:35:13.620 [INFO] com.zaxxer.hikari.HikariDataSource - HikariPool-1 - Start completed.
2026-03-30 08:35:13.651 [WARN] org.hibernate.orm.deprecation - HHH90000025: PostgreSQLDialect does not need to be specified explicitly using 'hibernate.dialect' (remove the property setting and it will be selected by default)
2026-03-30 08:35:13.671 [INFO] org.hibernate.orm.connections.pooling - HHH10001005: Database info:
	Database JDBC URL [Connecting through datasource 'HikariDataSource (HikariPool-1)']
	Database driver: undefined/unknown
	Database version: 18.1
	Autocommit mode: undefined/unknown
	Isolation level: undefined/unknown
	Minimum pool size: undefined/unknown
	Maximum pool size: undefined/unknown
2026-03-30 08:35:14.503 [INFO] org.hibernate.engine.transaction.jta.platform.internal.JtaPlatformInitiator - HHH000489: No JTA platform available (set 'hibernate.transaction.jta.platform' to enable JTA platform integration)
2026-03-30 08:35:14.506 [INFO] org.springframework.orm.jpa.LocalContainerEntityManagerFactoryBean - Initialized JPA EntityManagerFactory for persistence unit 'default'
2026-03-30 08:35:14.881 [WARN] org.springframework.boot.autoconfigure.orm.jpa.JpaBaseConfiguration$JpaWebConfiguration - spring.jpa.open-in-view is enabled by default. Therefore, database queries may be performed during view rendering. Explicitly configure spring.jpa.open-in-view to disable this warning
2026-03-30 08:35:15.184 [INFO] org.apache.coyote.http11.Http11NioProtocol - Starting ProtocolHandler ["http-nio-8081"]
2026-03-30 08:35:15.207 [INFO] org.springframework.boot.web.embedded.tomcat.TomcatWebServer - Tomcat started on port 8081 (http) with context path '/'
2026-03-30 08:35:15.214 [INFO] m8jt.project1.MainApplication - Started MainApplication in 3.773 seconds (process running for 4.558)
2026-03-30 08:35:21.829 [INFO] org.apache.catalina.core.ContainerBase.[Tomcat].[localhost].[/] - Initializing Spring DispatcherServlet 'dispatcherServlet'
2026-03-30 08:35:21.829 [INFO] org.springframework.web.servlet.DispatcherServlet - Initializing Servlet 'dispatcherServlet'
2026-03-30 08:35:21.830 [INFO] org.springframework.web.servlet.DispatcherServlet - Completed initialization in 1 ms
2026-03-30 08:40:16.446 [INFO] org.springframework.boot.admin.SpringApplicationAdminMXBeanRegistrar$SpringApplicationAdmin - Application shutdown requested.
2026-03-30 08:40:16.448 [INFO] org.springframework.boot.web.embedded.tomcat.GracefulShutdown - Commencing graceful shutdown. Waiting for active requests to complete
2026-03-30 08:40:16.449 [INFO] org.apache.coyote.http11.Http11NioProtocol - Pausing ProtocolHandler ["http-nio-8081"]
2026-03-30 08:40:16.948 [INFO] org.springframework.boot.web.embedded.tomcat.GracefulShutdown - Graceful shutdown complete
2026-03-30 08:40:16.948 [INFO] org.apache.coyote.http11.Http11NioProtocol - Stopping ProtocolHandler ["http-nio-8081"]
2026-03-30 08:40:16.951 [INFO] org.springframework.orm.jpa.LocalContainerEntityManagerFactoryBean - Closing JPA EntityManagerFactory for persistence unit 'default'
2026-03-30 08:40:16.953 [INFO] com.zaxxer.hikari.HikariDataSource - HikariPool-1 - Shutdown initiated...
2026-03-30 08:40:16.956 [INFO] com.zaxxer.hikari.HikariDataSource - HikariPool-1 - Shutdown completed.
2026-03-30 09:10:20.333 [INFO] org.hibernate.validator.internal.util.Version - HV000001: Hibernate Validator 8.0.3.Final
2026-03-30 09:10:20.388 [INFO] m8jt.project1.MainApplication - Starting MainApplication using Java 17.0.14 with PID 26328 (C:\Users\jrptabucanon\Documents\workspace-spring-tools-for-eclipse\M8JTProject1\target\classes started by jrptabucanon in C:\Users\jrptabucanon\Documents\workspace-spring-tools-for-eclipse\M8JTProject1)
2026-03-30 09:10:20.389 [INFO] m8jt.project1.MainApplication - The following 1 profile is active: "dev"
2026-03-30 09:10:20.922 [INFO] org.springframework.data.repository.config.RepositoryConfigurationDelegate - Bootstrapping Spring Data JPA repositories in DEFAULT mode.
2026-03-30 09:10:20.981 [INFO] org.springframework.data.repository.config.RepositoryConfigurationDelegate - Finished Spring Data repository scanning in 52 ms. Found 3 JPA repository interfaces.
2026-03-30 09:10:21.275 [INFO] org.springframework.boot.web.embedded.tomcat.TomcatWebServer - Tomcat initialized with port 8081 (http)
2026-03-30 09:10:21.282 [INFO] org.apache.coyote.http11.Http11NioProtocol - Initializing ProtocolHandler ["http-nio-8081"]
2026-03-30 09:10:21.283 [INFO] org.apache.catalina.core.StandardService - Starting service [Tomcat]
2026-03-30 09:10:21.283 [INFO] org.apache.catalina.core.StandardEngine - Starting Servlet engine: [Apache Tomcat/10.1.53]
2026-03-30 09:10:21.333 [INFO] org.apache.catalina.core.ContainerBase.[Tomcat].[localhost].[/] - Initializing Spring embedded WebApplicationContext
2026-03-30 09:10:21.333 [INFO] org.springframework.boot.web.servlet.context.ServletWebServerApplicationContext - Root WebApplicationContext: initialization completed in 909 ms
2026-03-30 09:10:21.453 [INFO] org.hibernate.jpa.internal.util.LogHelper - HHH000204: Processing PersistenceUnitInfo [name: default]
2026-03-30 09:10:21.491 [INFO] org.hibernate.Version - HHH000412: Hibernate ORM core version 6.6.45.Final
2026-03-30 09:10:21.521 [INFO] org.hibernate.cache.internal.RegionFactoryInitiator - HHH000026: Second-level cache disabled
2026-03-30 09:10:21.751 [INFO] org.springframework.orm.jpa.persistenceunit.SpringPersistenceUnitInfo - No LoadTimeWeaver setup: ignoring JPA class transformer
2026-03-30 09:10:21.775 [INFO] com.zaxxer.hikari.HikariDataSource - HikariPool-1 - Starting...
2026-03-30 09:10:22.043 [INFO] com.zaxxer.hikari.pool.HikariPool - HikariPool-1 - Added connection org.postgresql.jdbc.PgConnection@14e3d439
2026-03-30 09:10:22.044 [INFO] com.zaxxer.hikari.HikariDataSource - HikariPool-1 - Start completed.
2026-03-30 09:10:22.074 [WARN] org.hibernate.orm.deprecation - HHH90000025: PostgreSQLDialect does not need to be specified explicitly using 'hibernate.dialect' (remove the property setting and it will be selected by default)
2026-03-30 09:10:22.095 [INFO] org.hibernate.orm.connections.pooling - HHH10001005: Database info:
	Database JDBC URL [Connecting through datasource 'HikariDataSource (HikariPool-1)']
	Database driver: undefined/unknown
	Database version: 18.1
	Autocommit mode: undefined/unknown
	Isolation level: undefined/unknown
	Minimum pool size: undefined/unknown
	Maximum pool size: undefined/unknown
2026-03-30 09:10:22.938 [INFO] org.hibernate.engine.transaction.jta.platform.internal.JtaPlatformInitiator - HHH000489: No JTA platform available (set 'hibernate.transaction.jta.platform' to enable JTA platform integration)
2026-03-30 09:10:22.941 [INFO] org.springframework.orm.jpa.LocalContainerEntityManagerFactoryBean - Initialized JPA EntityManagerFactory for persistence unit 'default'
2026-03-30 09:10:23.344 [WARN] org.springframework.boot.autoconfigure.orm.jpa.JpaBaseConfiguration$JpaWebConfiguration - spring.jpa.open-in-view is enabled by default. Therefore, database queries may be performed during view rendering. Explicitly configure spring.jpa.open-in-view to disable this warning
2026-03-30 09:10:23.668 [INFO] org.apache.coyote.http11.Http11NioProtocol - Starting ProtocolHandler ["http-nio-8081"]
2026-03-30 09:10:23.693 [INFO] org.springframework.boot.web.embedded.tomcat.TomcatWebServer - Tomcat started on port 8081 (http) with context path '/'
2026-03-30 09:10:23.701 [INFO] m8jt.project1.MainApplication - Started MainApplication in 3.634 seconds (process running for 4.34)
2026-03-30 09:10:28.775 [INFO] org.apache.catalina.core.ContainerBase.[Tomcat].[localhost].[/] - Initializing Spring DispatcherServlet 'dispatcherServlet'
2026-03-30 09:10:28.775 [INFO] org.springframework.web.servlet.DispatcherServlet - Initializing Servlet 'dispatcherServlet'
2026-03-30 09:10:28.776 [INFO] org.springframework.web.servlet.DispatcherServlet - Completed initialization in 1 ms
2026-03-30 10:41:58.830 [INFO] org.springframework.boot.admin.SpringApplicationAdminMXBeanRegistrar$SpringApplicationAdmin - Application shutdown requested.
2026-03-30 10:41:58.834 [INFO] org.springframework.boot.web.embedded.tomcat.GracefulShutdown - Commencing graceful shutdown. Waiting for active requests to complete
2026-03-30 10:41:58.837 [INFO] org.apache.coyote.http11.Http11NioProtocol - Pausing ProtocolHandler ["http-nio-8081"]
2026-03-30 10:41:59.332 [INFO] org.springframework.boot.web.embedded.tomcat.GracefulShutdown - Graceful shutdown complete
2026-03-30 10:41:59.333 [INFO] org.apache.coyote.http11.Http11NioProtocol - Stopping ProtocolHandler ["http-nio-8081"]
2026-03-30 10:41:59.338 [INFO] org.springframework.orm.jpa.LocalContainerEntityManagerFactoryBean - Closing JPA EntityManagerFactory for persistence unit 'default'
2026-03-30 10:41:59.341 [INFO] com.zaxxer.hikari.HikariDataSource - HikariPool-1 - Shutdown initiated...
2026-03-30 10:41:59.344 [INFO] com.zaxxer.hikari.HikariDataSource - HikariPool-1 - Shutdown completed.
2026-03-30 11:12:47.369 [INFO] org.hibernate.validator.internal.util.Version - HV000001: Hibernate Validator 8.0.3.Final
2026-03-30 11:12:47.410 [INFO] m8jt.project1.MainApplication - Starting MainApplication using Java 17.0.14 with PID 32864 (C:\Users\jrptabucanon\Documents\workspace-spring-tools-for-eclipse\M8JTProject1\target\classes started by jrptabucanon in C:\Users\jrptabucanon\Documents\workspace-spring-tools-for-eclipse\M8JTProject1)
2026-03-30 11:12:47.411 [INFO] m8jt.project1.MainApplication - The following 1 profile is active: "dev"
2026-03-30 11:12:47.942 [INFO] org.springframework.data.repository.config.RepositoryConfigurationDelegate - Bootstrapping Spring Data JPA repositories in DEFAULT mode.
2026-03-30 11:12:48.001 [INFO] org.springframework.data.repository.config.RepositoryConfigurationDelegate - Finished Spring Data repository scanning in 51 ms. Found 3 JPA repository interfaces.
2026-03-30 11:12:48.333 [INFO] org.springframework.boot.web.embedded.tomcat.TomcatWebServer - Tomcat initialized with port 8081 (http)
2026-03-30 11:12:48.341 [INFO] org.apache.coyote.http11.Http11NioProtocol - Initializing ProtocolHandler ["http-nio-8081"]
2026-03-30 11:12:48.342 [INFO] org.apache.catalina.core.StandardService - Starting service [Tomcat]
2026-03-30 11:12:48.342 [INFO] org.apache.catalina.core.StandardEngine - Starting Servlet engine: [Apache Tomcat/10.1.53]
2026-03-30 11:12:48.393 [INFO] org.apache.catalina.core.ContainerBase.[Tomcat].[localhost].[/] - Initializing Spring embedded WebApplicationContext
2026-03-30 11:12:48.393 [INFO] org.springframework.boot.web.servlet.context.ServletWebServerApplicationContext - Root WebApplicationContext: initialization completed in 950 ms
2026-03-30 11:12:48.519 [INFO] org.hibernate.jpa.internal.util.LogHelper - HHH000204: Processing PersistenceUnitInfo [name: default]
2026-03-30 11:12:48.559 [INFO] org.hibernate.Version - HHH000412: Hibernate ORM core version 6.6.45.Final
2026-03-30 11:12:48.589 [INFO] org.hibernate.cache.internal.RegionFactoryInitiator - HHH000026: Second-level cache disabled
2026-03-30 11:12:48.805 [INFO] org.springframework.orm.jpa.persistenceunit.SpringPersistenceUnitInfo - No LoadTimeWeaver setup: ignoring JPA class transformer
2026-03-30 11:12:48.827 [INFO] com.zaxxer.hikari.HikariDataSource - HikariPool-1 - Starting...
2026-03-30 11:12:49.085 [INFO] com.zaxxer.hikari.pool.HikariPool - HikariPool-1 - Added connection org.postgresql.jdbc.PgConnection@3d235635
2026-03-30 11:12:49.086 [INFO] com.zaxxer.hikari.HikariDataSource - HikariPool-1 - Start completed.
2026-03-30 11:12:49.116 [WARN] org.hibernate.orm.deprecation - HHH90000025: PostgreSQLDialect does not need to be specified explicitly using 'hibernate.dialect' (remove the property setting and it will be selected by default)
2026-03-30 11:12:49.138 [INFO] org.hibernate.orm.connections.pooling - HHH10001005: Database info:
	Database JDBC URL [Connecting through datasource 'HikariDataSource (HikariPool-1)']
	Database driver: undefined/unknown
	Database version: 18.1
	Autocommit mode: undefined/unknown
	Isolation level: undefined/unknown
	Minimum pool size: undefined/unknown
	Maximum pool size: undefined/unknown
2026-03-30 11:12:49.977 [INFO] org.hibernate.engine.transaction.jta.platform.internal.JtaPlatformInitiator - HHH000489: No JTA platform available (set 'hibernate.transaction.jta.platform' to enable JTA platform integration)
2026-03-30 11:12:49.980 [INFO] org.springframework.orm.jpa.LocalContainerEntityManagerFactoryBean - Initialized JPA EntityManagerFactory for persistence unit 'default'
2026-03-30 11:12:50.410 [WARN] org.springframework.boot.autoconfigure.orm.jpa.JpaBaseConfiguration$JpaWebConfiguration - spring.jpa.open-in-view is enabled by default. Therefore, database queries may be performed during view rendering. Explicitly configure spring.jpa.open-in-view to disable this warning
2026-03-30 11:12:50.733 [INFO] org.apache.coyote.http11.Http11NioProtocol - Starting ProtocolHandler ["http-nio-8081"]
2026-03-30 11:12:50.757 [INFO] org.springframework.boot.web.embedded.tomcat.TomcatWebServer - Tomcat started on port 8081 (http) with context path '/'
2026-03-30 11:12:50.765 [INFO] m8jt.project1.MainApplication - Started MainApplication in 3.634 seconds (process running for 4.364)
2026-03-30 11:12:54.504 [INFO] org.apache.catalina.core.ContainerBase.[Tomcat].[localhost].[/] - Initializing Spring DispatcherServlet 'dispatcherServlet'
2026-03-30 11:12:54.504 [INFO] org.springframework.web.servlet.DispatcherServlet - Initializing Servlet 'dispatcherServlet'
2026-03-30 11:12:54.506 [INFO] org.springframework.web.servlet.DispatcherServlet - Completed initialization in 0 ms
2026-03-30 11:18:12.909 [INFO] org.springframework.boot.admin.SpringApplicationAdminMXBeanRegistrar$SpringApplicationAdmin - Application shutdown requested.
2026-03-30 11:18:12.909 [INFO] org.springframework.boot.web.embedded.tomcat.GracefulShutdown - Commencing graceful shutdown. Waiting for active requests to complete
2026-03-30 11:18:12.925 [INFO] org.apache.coyote.http11.Http11NioProtocol - Pausing ProtocolHandler ["http-nio-8081"]
2026-03-30 11:18:13.863 [INFO] org.springframework.boot.web.embedded.tomcat.GracefulShutdown - Graceful shutdown complete
2026-03-30 11:18:13.864 [INFO] org.apache.coyote.http11.Http11NioProtocol - Stopping ProtocolHandler ["http-nio-8081"]
2026-03-30 11:18:13.864 [INFO] org.springframework.orm.jpa.LocalContainerEntityManagerFactoryBean - Closing JPA EntityManagerFactory for persistence unit 'default'
2026-03-30 11:18:13.869 [INFO] com.zaxxer.hikari.HikariDataSource - HikariPool-1 - Shutdown initiated...
2026-03-30 11:18:13.869 [INFO] com.zaxxer.hikari.HikariDataSource - HikariPool-1 - Shutdown completed.
2026-03-30 11:18:31.263 [INFO] org.hibernate.validator.internal.util.Version - HV000001: Hibernate Validator 8.0.3.Final
2026-03-30 11:18:31.304 [INFO] m8jt.project1.MainApplication - Starting MainApplication using Java 17.0.14 with PID 21752 (C:\Users\jrptabucanon\Documents\workspace-spring-tools-for-eclipse\M8JTProject1\target\classes started by jrptabucanon in C:\Users\jrptabucanon\Documents\workspace-spring-tools-for-eclipse\M8JTProject1)
2026-03-30 11:18:31.305 [INFO] m8jt.project1.MainApplication - The following 1 profile is active: "dev"
2026-03-30 11:18:31.855 [INFO] org.springframework.data.repository.config.RepositoryConfigurationDelegate - Bootstrapping Spring Data JPA repositories in DEFAULT mode.
2026-03-30 11:18:31.914 [INFO] org.springframework.data.repository.config.RepositoryConfigurationDelegate - Finished Spring Data repository scanning in 51 ms. Found 3 JPA repository interfaces.
2026-03-30 11:18:32.206 [INFO] org.springframework.boot.web.embedded.tomcat.TomcatWebServer - Tomcat initialized with port 8081 (http)
2026-03-30 11:18:32.214 [INFO] org.apache.coyote.http11.Http11NioProtocol - Initializing ProtocolHandler ["http-nio-8081"]
2026-03-30 11:18:32.215 [INFO] org.apache.catalina.core.StandardService - Starting service [Tomcat]
2026-03-30 11:18:32.215 [INFO] org.apache.catalina.core.StandardEngine - Starting Servlet engine: [Apache Tomcat/10.1.53]
2026-03-30 11:18:32.268 [INFO] org.apache.catalina.core.ContainerBase.[Tomcat].[localhost].[/] - Initializing Spring embedded WebApplicationContext
2026-03-30 11:18:32.268 [INFO] org.springframework.boot.web.servlet.context.ServletWebServerApplicationContext - Root WebApplicationContext: initialization completed in 931 ms
2026-03-30 11:18:32.380 [INFO] org.hibernate.jpa.internal.util.LogHelper - HHH000204: Processing PersistenceUnitInfo [name: default]
2026-03-30 11:18:32.418 [INFO] org.hibernate.Version - HHH000412: Hibernate ORM core version 6.6.45.Final
2026-03-30 11:18:32.442 [INFO] org.hibernate.cache.internal.RegionFactoryInitiator - HHH000026: Second-level cache disabled
2026-03-30 11:18:32.665 [INFO] org.springframework.orm.jpa.persistenceunit.SpringPersistenceUnitInfo - No LoadTimeWeaver setup: ignoring JPA class transformer
2026-03-30 11:18:32.691 [INFO] com.zaxxer.hikari.HikariDataSource - HikariPool-1 - Starting...
2026-03-30 11:18:32.946 [INFO] com.zaxxer.hikari.pool.HikariPool - HikariPool-1 - Added connection org.postgresql.jdbc.PgConnection@3b3546a3
2026-03-30 11:18:32.948 [INFO] com.zaxxer.hikari.HikariDataSource - HikariPool-1 - Start completed.
2026-03-30 11:18:32.982 [WARN] org.hibernate.orm.deprecation - HHH90000025: PostgreSQLDialect does not need to be specified explicitly using 'hibernate.dialect' (remove the property setting and it will be selected by default)
2026-03-30 11:18:33.003 [INFO] org.hibernate.orm.connections.pooling - HHH10001005: Database info:
	Database JDBC URL [Connecting through datasource 'HikariDataSource (HikariPool-1)']
	Database driver: undefined/unknown
	Database version: 18.1
	Autocommit mode: undefined/unknown
	Isolation level: undefined/unknown
	Minimum pool size: undefined/unknown
	Maximum pool size: undefined/unknown
2026-03-30 11:18:33.822 [INFO] org.hibernate.engine.transaction.jta.platform.internal.JtaPlatformInitiator - HHH000489: No JTA platform available (set 'hibernate.transaction.jta.platform' to enable JTA platform integration)
2026-03-30 11:18:33.825 [INFO] org.springframework.orm.jpa.LocalContainerEntityManagerFactoryBean - Initialized JPA EntityManagerFactory for persistence unit 'default'
2026-03-30 11:18:34.209 [WARN] org.springframework.boot.autoconfigure.orm.jpa.JpaBaseConfiguration$JpaWebConfiguration - spring.jpa.open-in-view is enabled by default. Therefore, database queries may be performed during view rendering. Explicitly configure spring.jpa.open-in-view to disable this warning
2026-03-30 11:18:34.527 [INFO] org.apache.coyote.http11.Http11NioProtocol - Starting ProtocolHandler ["http-nio-8081"]
2026-03-30 11:18:34.557 [INFO] org.springframework.boot.web.embedded.tomcat.TomcatWebServer - Tomcat started on port 8081 (http) with context path '/'
2026-03-30 11:18:34.566 [INFO] m8jt.project1.MainApplication - Started MainApplication in 3.537 seconds (process running for 4.269)
2026-03-30 11:18:40.298 [INFO] org.apache.catalina.core.ContainerBase.[Tomcat].[localhost].[/] - Initializing Spring DispatcherServlet 'dispatcherServlet'
2026-03-30 11:18:40.298 [INFO] org.springframework.web.servlet.DispatcherServlet - Initializing Servlet 'dispatcherServlet'
2026-03-30 11:18:40.299 [INFO] org.springframework.web.servlet.DispatcherServlet - Completed initialization in 1 ms
2026-03-30 11:19:00.919 [INFO] org.springframework.boot.admin.SpringApplicationAdminMXBeanRegistrar$SpringApplicationAdmin - Application shutdown requested.
2026-03-30 11:19:00.922 [INFO] org.springframework.boot.web.embedded.tomcat.GracefulShutdown - Commencing graceful shutdown. Waiting for active requests to complete
2026-03-30 11:19:00.923 [INFO] org.apache.coyote.http11.Http11NioProtocol - Pausing ProtocolHandler ["http-nio-8081"]
2026-03-30 11:19:01.421 [INFO] org.springframework.boot.web.embedded.tomcat.GracefulShutdown - Graceful shutdown complete
2026-03-30 11:19:01.422 [INFO] org.apache.coyote.http11.Http11NioProtocol - Stopping ProtocolHandler ["http-nio-8081"]
2026-03-30 11:19:01.426 [INFO] org.springframework.orm.jpa.LocalContainerEntityManagerFactoryBean - Closing JPA EntityManagerFactory for persistence unit 'default'
2026-03-30 11:19:01.428 [INFO] com.zaxxer.hikari.HikariDataSource - HikariPool-1 - Shutdown initiated...
2026-03-30 11:19:01.431 [INFO] com.zaxxer.hikari.HikariDataSource - HikariPool-1 - Shutdown completed.
2026-03-30 11:22:27.767 [INFO] org.hibernate.validator.internal.util.Version - HV000001: Hibernate Validator 8.0.3.Final
2026-03-30 11:22:27.806 [INFO] m8jt.project1.MainApplication - Starting MainApplication using Java 17.0.14 with PID 33252 (C:\Users\jrptabucanon\Documents\workspace-spring-tools-for-eclipse\M8JTProject1\target\classes started by jrptabucanon in C:\Users\jrptabucanon\Documents\workspace-spring-tools-for-eclipse\M8JTProject1)
2026-03-30 11:22:27.808 [INFO] m8jt.project1.MainApplication - The following 1 profile is active: "dev"
2026-03-30 11:22:28.358 [INFO] org.springframework.data.repository.config.RepositoryConfigurationDelegate - Bootstrapping Spring Data JPA repositories in DEFAULT mode.
2026-03-30 11:22:28.416 [INFO] org.springframework.data.repository.config.RepositoryConfigurationDelegate - Finished Spring Data repository scanning in 50 ms. Found 3 JPA repository interfaces.
2026-03-30 11:22:28.712 [INFO] org.springframework.boot.web.embedded.tomcat.TomcatWebServer - Tomcat initialized with port 8081 (http)
2026-03-30 11:22:28.720 [INFO] org.apache.coyote.http11.Http11NioProtocol - Initializing ProtocolHandler ["http-nio-8081"]
2026-03-30 11:22:28.721 [INFO] org.apache.catalina.core.StandardService - Starting service [Tomcat]
2026-03-30 11:22:28.721 [INFO] org.apache.catalina.core.StandardEngine - Starting Servlet engine: [Apache Tomcat/10.1.53]
2026-03-30 11:22:28.795 [INFO] org.apache.catalina.core.ContainerBase.[Tomcat].[localhost].[/] - Initializing Spring embedded WebApplicationContext
2026-03-30 11:22:28.795 [INFO] org.springframework.boot.web.servlet.context.ServletWebServerApplicationContext - Root WebApplicationContext: initialization completed in 954 ms
2026-03-30 11:22:28.904 [INFO] org.hibernate.jpa.internal.util.LogHelper - HHH000204: Processing PersistenceUnitInfo [name: default]
2026-03-30 11:22:28.945 [INFO] org.hibernate.Version - HHH000412: Hibernate ORM core version 6.6.45.Final
2026-03-30 11:22:28.971 [INFO] org.hibernate.cache.internal.RegionFactoryInitiator - HHH000026: Second-level cache disabled
2026-03-30 11:22:29.176 [INFO] org.springframework.orm.jpa.persistenceunit.SpringPersistenceUnitInfo - No LoadTimeWeaver setup: ignoring JPA class transformer
2026-03-30 11:22:29.200 [INFO] com.zaxxer.hikari.HikariDataSource - HikariPool-1 - Starting...
2026-03-30 11:22:29.448 [INFO] com.zaxxer.hikari.pool.HikariPool - HikariPool-1 - Added connection org.postgresql.jdbc.PgConnection@47be41c6
2026-03-30 11:22:29.449 [INFO] com.zaxxer.hikari.HikariDataSource - HikariPool-1 - Start completed.
2026-03-30 11:22:29.481 [WARN] org.hibernate.orm.deprecation - HHH90000025: PostgreSQLDialect does not need to be specified explicitly using 'hibernate.dialect' (remove the property setting and it will be selected by default)
2026-03-30 11:22:29.502 [INFO] org.hibernate.orm.connections.pooling - HHH10001005: Database info:
	Database JDBC URL [Connecting through datasource 'HikariDataSource (HikariPool-1)']
	Database driver: undefined/unknown
	Database version: 18.1
	Autocommit mode: undefined/unknown
	Isolation level: undefined/unknown
	Minimum pool size: undefined/unknown
	Maximum pool size: undefined/unknown
2026-03-30 11:22:30.284 [INFO] org.hibernate.engine.transaction.jta.platform.internal.JtaPlatformInitiator - HHH000489: No JTA platform available (set 'hibernate.transaction.jta.platform' to enable JTA platform integration)
2026-03-30 11:22:30.286 [INFO] org.springframework.orm.jpa.LocalContainerEntityManagerFactoryBean - Initialized JPA EntityManagerFactory for persistence unit 'default'
2026-03-30 11:22:30.649 [WARN] org.springframework.boot.autoconfigure.orm.jpa.JpaBaseConfiguration$JpaWebConfiguration - spring.jpa.open-in-view is enabled by default. Therefore, database queries may be performed during view rendering. Explicitly configure spring.jpa.open-in-view to disable this warning
2026-03-30 11:22:30.950 [INFO] org.apache.coyote.http11.Http11NioProtocol - Starting ProtocolHandler ["http-nio-8081"]
2026-03-30 11:22:30.977 [INFO] org.springframework.boot.web.embedded.tomcat.TomcatWebServer - Tomcat started on port 8081 (http) with context path '/'
2026-03-30 11:22:30.987 [INFO] m8jt.project1.MainApplication - Started MainApplication in 3.467 seconds (process running for 4.187)
2026-03-30 11:22:37.316 [INFO] org.apache.catalina.core.ContainerBase.[Tomcat].[localhost].[/] - Initializing Spring DispatcherServlet 'dispatcherServlet'
2026-03-30 11:22:37.316 [INFO] org.springframework.web.servlet.DispatcherServlet - Initializing Servlet 'dispatcherServlet'
2026-03-30 11:22:37.317 [INFO] org.springframework.web.servlet.DispatcherServlet - Completed initialization in 1 ms
2026-03-30 11:39:33.998 [INFO] org.springframework.boot.admin.SpringApplicationAdminMXBeanRegistrar$SpringApplicationAdmin - Application shutdown requested.
2026-03-30 11:39:34.000 [INFO] org.springframework.boot.web.embedded.tomcat.GracefulShutdown - Commencing graceful shutdown. Waiting for active requests to complete
2026-03-30 11:39:34.001 [INFO] org.apache.coyote.http11.Http11NioProtocol - Pausing ProtocolHandler ["http-nio-8081"]
2026-03-30 11:39:34.509 [INFO] org.springframework.boot.web.embedded.tomcat.GracefulShutdown - Graceful shutdown complete
2026-03-30 11:39:34.509 [INFO] org.apache.coyote.http11.Http11NioProtocol - Stopping ProtocolHandler ["http-nio-8081"]
2026-03-30 11:39:34.512 [INFO] org.springframework.orm.jpa.LocalContainerEntityManagerFactoryBean - Closing JPA EntityManagerFactory for persistence unit 'default'
2026-03-30 11:39:34.514 [INFO] com.zaxxer.hikari.HikariDataSource - HikariPool-1 - Shutdown initiated...
2026-03-30 11:39:34.516 [INFO] com.zaxxer.hikari.HikariDataSource - HikariPool-1 - Shutdown completed.
2026-03-30 11:44:34.599 [INFO] org.hibernate.validator.internal.util.Version - HV000001: Hibernate Validator 8.0.3.Final
2026-03-30 11:44:34.643 [INFO] m8jt.project1.MainApplication - Starting MainApplication using Java 17.0.14 with PID 1520 (C:\Users\jrptabucanon\Documents\workspace-spring-tools-for-eclipse\M8JTProject1\target\classes started by jrptabucanon in C:\Users\jrptabucanon\Documents\workspace-spring-tools-for-eclipse\M8JTProject1)
2026-03-30 11:44:34.644 [INFO] m8jt.project1.MainApplication - The following 1 profile is active: "dev"
2026-03-30 11:44:35.204 [INFO] org.springframework.data.repository.config.RepositoryConfigurationDelegate - Bootstrapping Spring Data JPA repositories in DEFAULT mode.
2026-03-30 11:44:35.260 [INFO] org.springframework.data.repository.config.RepositoryConfigurationDelegate - Finished Spring Data repository scanning in 48 ms. Found 3 JPA repository interfaces.
2026-03-30 11:44:35.566 [INFO] org.springframework.boot.web.embedded.tomcat.TomcatWebServer - Tomcat initialized with port 8081 (http)
2026-03-30 11:44:35.573 [INFO] org.apache.coyote.http11.Http11NioProtocol - Initializing ProtocolHandler ["http-nio-8081"]
2026-03-30 11:44:35.574 [INFO] org.apache.catalina.core.StandardService - Starting service [Tomcat]
2026-03-30 11:44:35.575 [INFO] org.apache.catalina.core.StandardEngine - Starting Servlet engine: [Apache Tomcat/10.1.53]
2026-03-30 11:44:35.623 [INFO] org.apache.catalina.core.ContainerBase.[Tomcat].[localhost].[/] - Initializing Spring embedded WebApplicationContext
2026-03-30 11:44:35.624 [INFO] org.springframework.boot.web.servlet.context.ServletWebServerApplicationContext - Root WebApplicationContext: initialization completed in 943 ms
2026-03-30 11:44:35.743 [INFO] org.hibernate.jpa.internal.util.LogHelper - HHH000204: Processing PersistenceUnitInfo [name: default]
2026-03-30 11:44:35.784 [INFO] org.hibernate.Version - HHH000412: Hibernate ORM core version 6.6.45.Final
2026-03-30 11:44:35.811 [INFO] org.hibernate.cache.internal.RegionFactoryInitiator - HHH000026: Second-level cache disabled
2026-03-30 11:44:36.041 [INFO] org.springframework.orm.jpa.persistenceunit.SpringPersistenceUnitInfo - No LoadTimeWeaver setup: ignoring JPA class transformer
2026-03-30 11:44:36.065 [INFO] com.zaxxer.hikari.HikariDataSource - HikariPool-1 - Starting...
2026-03-30 11:44:36.333 [INFO] com.zaxxer.hikari.pool.HikariPool - HikariPool-1 - Added connection org.postgresql.jdbc.PgConnection@491893f8
2026-03-30 11:44:36.334 [INFO] com.zaxxer.hikari.HikariDataSource - HikariPool-1 - Start completed.
2026-03-30 11:44:36.365 [WARN] org.hibernate.orm.deprecation - HHH90000025: PostgreSQLDialect does not need to be specified explicitly using 'hibernate.dialect' (remove the property setting and it will be selected by default)
2026-03-30 11:44:36.384 [INFO] org.hibernate.orm.connections.pooling - HHH10001005: Database info:
	Database JDBC URL [Connecting through datasource 'HikariDataSource (HikariPool-1)']
	Database driver: undefined/unknown
	Database version: 18.1
	Autocommit mode: undefined/unknown
	Isolation level: undefined/unknown
	Minimum pool size: undefined/unknown
	Maximum pool size: undefined/unknown
2026-03-30 11:44:37.235 [INFO] org.hibernate.engine.transaction.jta.platform.internal.JtaPlatformInitiator - HHH000489: No JTA platform available (set 'hibernate.transaction.jta.platform' to enable JTA platform integration)
2026-03-30 11:44:37.239 [INFO] org.springframework.orm.jpa.LocalContainerEntityManagerFactoryBean - Initialized JPA EntityManagerFactory for persistence unit 'default'
2026-03-30 11:44:37.683 [WARN] org.springframework.boot.autoconfigure.orm.jpa.JpaBaseConfiguration$JpaWebConfiguration - spring.jpa.open-in-view is enabled by default. Therefore, database queries may be performed during view rendering. Explicitly configure spring.jpa.open-in-view to disable this warning
2026-03-30 11:44:38.034 [INFO] org.apache.coyote.http11.Http11NioProtocol - Starting ProtocolHandler ["http-nio-8081"]
2026-03-30 11:44:38.060 [INFO] org.springframework.boot.web.embedded.tomcat.TomcatWebServer - Tomcat started on port 8081 (http) with context path '/'
2026-03-30 11:44:38.069 [INFO] m8jt.project1.MainApplication - Started MainApplication in 3.707 seconds (process running for 4.43)
2026-03-30 11:44:41.883 [INFO] org.apache.catalina.core.ContainerBase.[Tomcat].[localhost].[/] - Initializing Spring DispatcherServlet 'dispatcherServlet'
2026-03-30 11:44:41.883 [INFO] org.springframework.web.servlet.DispatcherServlet - Initializing Servlet 'dispatcherServlet'
2026-03-30 11:44:41.883 [INFO] org.springframework.web.servlet.DispatcherServlet - Completed initialization in 0 ms
2026-03-30 11:54:07.205 [INFO] org.springframework.boot.admin.SpringApplicationAdminMXBeanRegistrar$SpringApplicationAdmin - Application shutdown requested.
2026-03-30 11:54:07.207 [INFO] org.springframework.boot.web.embedded.tomcat.GracefulShutdown - Commencing graceful shutdown. Waiting for active requests to complete
2026-03-30 11:54:07.208 [INFO] org.apache.coyote.http11.Http11NioProtocol - Pausing ProtocolHandler ["http-nio-8081"]
2026-03-30 11:54:07.701 [INFO] org.springframework.boot.web.embedded.tomcat.GracefulShutdown - Graceful shutdown complete
2026-03-30 11:54:07.701 [INFO] org.apache.coyote.http11.Http11NioProtocol - Stopping ProtocolHandler ["http-nio-8081"]
2026-03-30 11:54:07.704 [INFO] org.springframework.orm.jpa.LocalContainerEntityManagerFactoryBean - Closing JPA EntityManagerFactory for persistence unit 'default'
2026-03-30 11:54:07.706 [INFO] com.zaxxer.hikari.HikariDataSource - HikariPool-1 - Shutdown initiated...
2026-03-30 11:54:07.709 [INFO] com.zaxxer.hikari.HikariDataSource - HikariPool-1 - Shutdown completed.
2026-03-30 11:54:25.060 [INFO] org.hibernate.validator.internal.util.Version - HV000001: Hibernate Validator 8.0.3.Final
2026-03-30 11:54:25.109 [INFO] m8jt.project1.MainApplication - Starting MainApplication using Java 17.0.14 with PID 17928 (C:\Users\jrptabucanon\Documents\workspace-spring-tools-for-eclipse\M8JTProject1\target\classes started by jrptabucanon in C:\Users\jrptabucanon\Documents\workspace-spring-tools-for-eclipse\M8JTProject1)
2026-03-30 11:54:25.111 [INFO] m8jt.project1.MainApplication - The following 1 profile is active: "dev"
2026-03-30 11:54:25.710 [INFO] org.springframework.data.repository.config.RepositoryConfigurationDelegate - Bootstrapping Spring Data JPA repositories in DEFAULT mode.
2026-03-30 11:54:25.768 [INFO] org.springframework.data.repository.config.RepositoryConfigurationDelegate - Finished Spring Data repository scanning in 50 ms. Found 3 JPA repository interfaces.
2026-03-30 11:54:26.123 [INFO] org.springframework.boot.web.embedded.tomcat.TomcatWebServer - Tomcat initialized with port 8081 (http)
2026-03-30 11:54:26.137 [INFO] org.apache.coyote.http11.Http11NioProtocol - Initializing ProtocolHandler ["http-nio-8081"]
2026-03-30 11:54:26.139 [INFO] org.apache.catalina.core.StandardService - Starting service [Tomcat]
2026-03-30 11:54:26.139 [INFO] org.apache.catalina.core.StandardEngine - Starting Servlet engine: [Apache Tomcat/10.1.53]
2026-03-30 11:54:26.233 [INFO] org.apache.catalina.core.ContainerBase.[Tomcat].[localhost].[/] - Initializing Spring embedded WebApplicationContext
2026-03-30 11:54:26.234 [INFO] org.springframework.boot.web.servlet.context.ServletWebServerApplicationContext - Root WebApplicationContext: initialization completed in 1081 ms
2026-03-30 11:54:26.369 [INFO] org.hibernate.jpa.internal.util.LogHelper - HHH000204: Processing PersistenceUnitInfo [name: default]
2026-03-30 11:54:26.412 [INFO] org.hibernate.Version - HHH000412: Hibernate ORM core version 6.6.45.Final
2026-03-30 11:54:26.439 [INFO] org.hibernate.cache.internal.RegionFactoryInitiator - HHH000026: Second-level cache disabled
2026-03-30 11:54:26.647 [INFO] org.springframework.orm.jpa.persistenceunit.SpringPersistenceUnitInfo - No LoadTimeWeaver setup: ignoring JPA class transformer
2026-03-30 11:54:26.670 [INFO] com.zaxxer.hikari.HikariDataSource - HikariPool-1 - Starting...
2026-03-30 11:54:26.922 [INFO] com.zaxxer.hikari.pool.HikariPool - HikariPool-1 - Added connection org.postgresql.jdbc.PgConnection@4cc7e3ad
2026-03-30 11:54:26.924 [INFO] com.zaxxer.hikari.HikariDataSource - HikariPool-1 - Start completed.
2026-03-30 11:54:26.962 [WARN] org.hibernate.orm.deprecation - HHH90000025: PostgreSQLDialect does not need to be specified explicitly using 'hibernate.dialect' (remove the property setting and it will be selected by default)
2026-03-30 11:54:26.986 [INFO] org.hibernate.orm.connections.pooling - HHH10001005: Database info:
	Database JDBC URL [Connecting through datasource 'HikariDataSource (HikariPool-1)']
	Database driver: undefined/unknown
	Database version: 18.1
	Autocommit mode: undefined/unknown
	Isolation level: undefined/unknown
	Minimum pool size: undefined/unknown
	Maximum pool size: undefined/unknown
2026-03-30 11:54:27.846 [INFO] org.hibernate.engine.transaction.jta.platform.internal.JtaPlatformInitiator - HHH000489: No JTA platform available (set 'hibernate.transaction.jta.platform' to enable JTA platform integration)
2026-03-30 11:54:27.850 [INFO] org.springframework.orm.jpa.LocalContainerEntityManagerFactoryBean - Initialized JPA EntityManagerFactory for persistence unit 'default'
2026-03-30 11:54:28.118 [INFO] org.springframework.data.jpa.repository.query.QueryEnhancerFactory - Hibernate is in classpath; If applicable, HQL parser will be used.
2026-03-30 11:54:28.555 [WARN] org.springframework.boot.autoconfigure.orm.jpa.JpaBaseConfiguration$JpaWebConfiguration - spring.jpa.open-in-view is enabled by default. Therefore, database queries may be performed during view rendering. Explicitly configure spring.jpa.open-in-view to disable this warning
2026-03-30 11:54:28.899 [INFO] org.apache.coyote.http11.Http11NioProtocol - Starting ProtocolHandler ["http-nio-8081"]
2026-03-30 11:54:28.931 [INFO] org.springframework.boot.web.embedded.tomcat.TomcatWebServer - Tomcat started on port 8081 (http) with context path '/'
2026-03-30 11:54:28.943 [INFO] m8jt.project1.MainApplication - Started MainApplication in 4.2 seconds (process running for 5.256)
2026-03-30 11:54:31.107 [INFO] org.apache.catalina.core.ContainerBase.[Tomcat].[localhost].[/] - Initializing Spring DispatcherServlet 'dispatcherServlet'
2026-03-30 11:54:31.107 [INFO] org.springframework.web.servlet.DispatcherServlet - Initializing Servlet 'dispatcherServlet'
2026-03-30 11:54:31.108 [INFO] org.springframework.web.servlet.DispatcherServlet - Completed initialization in 1 ms
2026-03-30 11:57:36.899 [INFO] org.springframework.boot.admin.SpringApplicationAdminMXBeanRegistrar$SpringApplicationAdmin - Application shutdown requested.
2026-03-30 11:57:36.902 [INFO] org.springframework.boot.web.embedded.tomcat.GracefulShutdown - Commencing graceful shutdown. Waiting for active requests to complete
2026-03-30 11:57:36.903 [INFO] org.apache.coyote.http11.Http11NioProtocol - Pausing ProtocolHandler ["http-nio-8081"]
2026-03-30 11:57:37.452 [INFO] org.springframework.boot.web.embedded.tomcat.GracefulShutdown - Graceful shutdown complete
2026-03-30 11:57:37.452 [INFO] org.apache.coyote.http11.Http11NioProtocol - Stopping ProtocolHandler ["http-nio-8081"]
2026-03-30 11:57:37.456 [INFO] org.springframework.orm.jpa.LocalContainerEntityManagerFactoryBean - Closing JPA EntityManagerFactory for persistence unit 'default'
2026-03-30 11:57:37.458 [INFO] com.zaxxer.hikari.HikariDataSource - HikariPool-1 - Shutdown initiated...
2026-03-30 11:57:37.460 [INFO] com.zaxxer.hikari.HikariDataSource - HikariPool-1 - Shutdown completed.
